date,open,high,low,close,volume
2023-11-21 15:30:00,30.58,30.7,30.52,30.68,85563912.94
2023-11-21 16:00:00,30.68,31.12,30.66,31.02,451392414.38
2023-11-21 16:30:00,31.02,31.2,30.84,30.88,307400564.15
2023-11-21 17:00:00,30.88,30.98,30.8,30.96,142824983.57
2023-11-21 17:30:00,30.94,31.0,30.76,30.94,184988795.07
2023-11-21 18:00:00,30.94,30.94,30.94,30.94,58964709.44
2023-11-22 10:00:00,30.9,31.14,30.66,30.8,459240137.53
2023-11-22 10:30:00,30.8,30.9,30.7,30.74,104556743.33
2023-11-22 11:00:00,30.74,30.76,30.52,30.52,164374536.76
2023-11-22 11:30:00,30.56,30.62,30.52,30.52,71993348.2
2023-11-22 12:00:00,30.52,30.52,30.32,30.42,126961209.91
2023-11-22 12:30:00,30.44,30.5,30.38,30.42,74598332.82
2023-11-22 13:00:00,30.42,30.5,30.36,30.4,51419473.15
2023-11-22 13:30:00,30.4,30.48,30.38,30.44,48642456.53
2023-11-22 14:00:00,30.42,30.48,30.36,30.44,70204956.15
2023-11-22 14:30:00,30.44,30.74,30.42,30.7,161976444.32
2023-11-22 15:00:00,30.7,30.8,30.62,30.68,201402439.44
2023-11-22 15:30:00,30.66,30.74,30.58,30.66,124197757.49
2023-11-22 16:00:00,30.66,30.84,30.66,30.78,195443943.68
2023-11-22 16:30:00,30.8,30.82,30.62,30.74,190117421.69
2023-11-22 17:00:00,30.72,30.96,30.7,30.9,207880739.11
2023-11-22 17:30:00,30.9,31.0,30.7,30.88,317878623.62
2023-11-22 18:00:00,30.88,30.88,30.88,30.88,86575754.72
2023-11-23 10:00:00,30.98,31.3,30.88,31.28,480472227.18
2023-11-23 10:30:00,31.3,31.38,31.16,31.28,308034807.67
2023-11-23 11:00:00,31.28,31.4,31.22,31.36,157302016.95
2023-11-23 11:30:00,31.36,31.42,31.18,31.24,190315988.49
2023-11-23 12:00:00,31.24,31.32,31.22,31.24,59730381.69
2023-11-23 12:30:00,31.24,31.3,31.22,31.28,56186103.7
2023-11-23 13:00:00,31.28,31.4,31.26,31.32,73270517.31
2023-11-23 13:30:00,31.3,31.44,31.3,31.42,143697337.72
2023-11-23 14:00:00,31.42,31.8,31.22,31.36,994723691.84
2023-11-23 14:30:00,31.36,31.8,31.3,31.72,380312502.73
2023-11-23 15:00:00,31.74,31.8,31.56,31.78,155156605.93
2023-11-23 15:30:00,31.78,31.86,31.56,31.72,184133904.21
2023-11-23 16:00:00,31.72,32.34,31.72,32.26,565110956.93
2023-11-23 16:30:00,32.24,32.4,31.96,32.16,436608054.32
2023-11-23 17:00:00,32.16,32.24,31.96,32.14,214395590.26
2023-11-23 17:30:00,32.14,32.16,31.46,31.5,526351102.57
2023-11-23 18:00:00,31.46,31.46,31.46,31.46,83988164.26
2023-11-24 10:00:00,31.44,31.48,30.84,31.02,403721371.16
2023-11-24 10:30:00,31.02,31.12,30.94,30.96,94264900.5
2023-11-24 11:00:00,30.98,31.56,30.88,31.34,382500833.53
2023-11-24 11:30:00,31.32,31.46,31.2,31.34,124440384.94
2023-11-24 12:00:00,31.36,31.4,31.24,31.32,47595340.66
2023-11-24 12:30:00,31.32,31.46,31.28,31.4,56052812.27
2023-11-24 13:00:00,31.4,31.68,31.26,31.64,181527672.59
2023-11-24 13:30:00,31.64,31.7,31.4,31.46,130706655.66
2023-11-24 14:00:00,31.48,31.54,31.3,31.34,105957896.18
2023-11-24 14:30:00,31.34,31.44,31.16,31.24,146146573.83
2023-11-24 15:00:00,31.24,31.64,31.22,31.6,172771727.17
2023-11-24 15:30:00,31.6,32.1,31.6,31.98,484116758.32
2023-11-24 16:00:00,32.0,32.2,31.96,32.08,215766811.89
2023-11-24 16:30:00,32.1,32.3,31.98,32.1,205869523.99
2023-11-24 17:00:00,32.1,32.14,31.9,31.94,142833717.09
2023-11-24 17:30:00,31.94,31.98,31.72,31.86,229082370.02
2023-11-24 18:00:00,31.86,31.86,31.86,31.86,73190926.62
2023-11-27 10:00:00,32.9,33.94,32.72,33.64,1103662679.4
2023-11-27 10:30:00,33.66,33.98,33.32,33.48,512685525.12
2023-11-27 11:00:00,33.48,33.6,33.24,33.28,194043889.09
2023-11-27 11:30:00,33.3,33.66,33.28,33.5,197463232.36
2023-11-27 12:00:00,33.5,33.62,33.4,33.6,104160245.67
2023-11-27 12:30:00,33.58,33.84,33.56,33.68,148484434.08
2023-11-27 13:00:00,33.66,33.7,33.46,33.5,143099997.95
2023-11-27 13:30:00,33.52,33.54,33.32,33.34,125898029.07
2023-11-27 14:00:00,33.36,33.52,33.34,33.48,84652376.07
2023-11-27 14:30:00,33.48,33.52,33.3,33.46,104451126.72
2023-11-27 15:00:00,33.44,33.52,33.34,33.48,68667261.72
2023-11-27 15:30:00,33.46,33.58,33.42,33.48,96680013.38
2023-11-27 16:00:00,33.48,33.62,33.44,33.44,137277847.42
2023-11-27 16:30:00,33.46,34.28,33.44,34.16,679625804.12
2023-11-27 17:00:00,34.16,34.3,33.98,34.18,344971681.37
2023-11-27 17:30:00,34.18,34.34,34.04,34.22,466697178.31
2023-11-27 18:00:00,34.22,34.3,34.22,34.3,140106101.8
2023-11-28 10:00:00,34.26,34.6,33.94,34.0,860199793.68
2023-11-28 10:30:00,34.0,34.26,33.92,34.16,268970700.55
2023-11-28 11:00:00,34.18,34.58,34.1,34.34,435915613.85
2023-11-28 11:30:00,34.34,34.42,34.16,34.18,107296173.29
2023-11-28 12:00:00,34.18,34.24,34.12,34.12,67158145.52
2023-11-28 12:30:00,34.12,34.32,34.12,34.26,53819631.36
2023-11-28 13:00:00,34.26,34.32,34.16,34.2,95646548.62
2023-11-28 13:30:00,34.18,34.24,34.1,34.18,45153802.49
2023-11-28 14:00:00,34.2,34.2,33.98,34.1,117885084.03
2023-11-28 14:30:00,34.1,34.22,34.08,34.14,69595517.86
2023-11-28 15:00:00,34.14,34.46,34.06,34.44,188617203.24
2023-11-28 15:30:00,34.46,34.46,34.24,34.3,181392369.9
2023-11-28 16:00:00,34.28,34.4,34.18,34.22,149974761.67
2023-11-28 16:30:00,34.24,34.34,34.14,34.24,147623159.82
2023-11-28 17:00:00,34.24,34.38,33.82,33.98,304424910.42
2023-11-28 17:30:00,33.98,34.02,33.52,33.82,598976310.44
2023-11-28 18:00:00,33.8,33.8,33.8,33.8,120926800.8
2023-11-29 10:00:00,33.84,33.88,33.38,33.48,376786913.34
2023-11-29 10:30:00,33.48,34.06,33.46,33.76,425997282.02
2023-11-29 11:00:00,33.76,34.02,33.74,33.96,265567081.4
2023-11-29 11:30:00,33.98,34.02,33.72,33.78,189906398.62
2023-11-29 12:00:00,33.78,33.96,33.74,33.86,105394506.98
2023-11-29 12:30:00,33.86,34.0,33.84,33.96,61285739.85
2023-11-29 13:00:00,33.98,33.98,33.76,33.9,103851618.77
2023-11-29 13:30:00,33.9,33.94,33.74,33.8,63402908.57
2023-11-29 14:00:00,33.78,33.8,33.36,33.44,263837911.17
2023-11-29 14:30:00,33.46,33.62,33.38,33.52,150718055.29
2023-11-29 15:00:00,33.5,33.68,33.5,33.6,101924104.69
2023-11-29 15:30:00,33.6,33.98,33.56,33.86,208391734.53
2023-11-29 16:00:00,33.88,33.98,33.72,33.88,162478870.96
2023-11-29 16:30:00,33.88,33.98,33.78,33.92,127948711.94
2023-11-29 17:00:00,33.92,34.04,33.76,33.84,255492905.2
2023-11-29 17:30:00,33.84,33.98,33.6,33.96,325701733.44
2023-11-29 18:00:00,33.92,33.92,33.92,33.92,88747507.84
2023-11-30 10:00:00,33.98,34.3,33.92,34.16,436170118.72
2023-11-30 10:30:00,34.16,34.4,34.1,34.32,237012800.84
2023-11-30 11:00:00,34.32,34.5,34.16,34.42,370347914.53
2023-11-30 11:30:00,34.42,34.64,34.36,34.46,281823961.03
2023-11-30 12:00:00,34.48,34.62,34.42,34.44,136802113.62
2023-11-30 12:30:00,34.46,34.5,34.2,34.34,102504523.94
2023-11-30 13:00:00,34.36,34.5,34.28,34.44,94079983.18
2023-11-30 13:30:00,34.4,34.46,34.32,34.38,56224395.88
2023-11-30 14:00:00,34.38,34.44,34.34,34.42,54054773.91
2023-11-30 14:30:00,34.4,34.44,34.22,34.24,112171541.86
2023-11-30 15:00:00,34.26,34.38,34.2,34.24,104799524.28
2023-11-30 15:30:00,34.24,34.26,33.9,33.96,213731307.55
2023-11-30 16:00:00,33.96,34.14,33.82,33.84,187267888.72
2023-11-30 16:30:00,33.84,34.06,33.62,33.68,209490276.7
2023-11-30 17:00:00,33.7,33.76,33.5,33.74,238209937.85
2023-11-30 17:30:00,33.72,33.84,33.58,33.68,250831532.45
2023-11-30 18:00:00,33.64,33.64,33.64,33.64,362496230.0
2023-12-01 10:00:00,34.68,35.36,34.5,34.98,1128862908.54
2023-12-01 10:30:00,34.98,35.14,34.88,35.08,151438071.91
2023-12-01 11:00:00,35.06,35.1,34.92,34.98,129269290.53
2023-12-01 11:30:00,34.96,34.98,34.68,34.74,183932241.6
2023-12-01 12:00:00,34.72,34.8,34.68,34.7,70991586.27
2023-12-01 12:30:00,34.7,34.84,34.7,34.78,67233277.95
2023-12-01 13:00:00,34.78,34.8,34.64,34.68,83122432.8
2023-12-01 13:30:00,34.68,34.74,34.44,34.6,199962785.5
2023-12-01 14:00:00,34.58,34.94,34.56,34.94,166020269.55
2023-12-01 14:30:00,34.94,35.16,34.92,35.06,256171407.33
2023-12-01 15:00:00,35.06,35.06,34.9,35.02,97514097.0
2023-12-01 15:30:00,35.02,35.14,34.92,34.94,143825902.83
2023-12-01 16:00:00,34.98,35.08,34.94,35.08,90684932.95
2023-12-01 16:30:00,35.08,35.08,34.72,34.8,155011148.9
2023-12-01 17:00:00,34.8,34.94,34.52,34.8,273012217.96
2023-12-01 17:30:00,34.78,35.0,34.74,34.82,302902330.35
2023-12-01 18:00:00,34.86,34.86,34.86,34.86,102359731.74
2023-12-04 10:00:00,35.02,35.08,34.6,34.92,470102085.22
2023-12-04 10:30:00,34.92,35.22,34.82,34.92,315472232.46
2023-12-04 11:00:00,34.94,35.12,34.72,34.84,220262410.44
2023-12-04 11:30:00,34.84,35.04,34.82,34.9,96230433.0
2023-12-04 12:00:00,34.9,35.02,34.86,34.88,40140743.58
2023-12-04 12:30:00,34.86,34.94,34.76,34.9,44744102.21
2023-12-04 13:00:00,34.9,35.0,34.88,34.98,43976736.84
2023-12-04 13:30:00,34.98,35.02,34.76,34.94,100444224.0
2023-12-04 14:00:00,34.94,35.1,34.92,35.02,123786329.71
2023-12-04 14:30:00,35.04,35.12,35.0,35.08,97453900.52
2023-12-04 15:00:00,35.08,35.18,35.02,35.06,84138522.36
2023-12-04 15:30:00,35.08,35.32,35.02,35.26,164808198.16
2023-12-04 16:00:00,35.26,35.48,35.22,35.3,230177348.72
2023-12-04 16:30:00,35.3,36.04,35.3,36.04,380263348.21
2023-12-04 17:00:00,36.04,36.24,35.86,36.0,366363624.76
2023-12-04 17:30:00,36.0,36.24,35.9,36.18,359623994.19
2023-12-04 18:00:00,36.18,36.22,36.18,36.22,101237516.11
2023-12-05 10:00:00,36.12,36.32,35.94,36.22,495724103.77
2023-12-05 10:30:00,36.2,36.24,36.0,36.12,129301200.7
2023-12-05 11:00:00,36.1,36.46,36.06,36.46,173526981.78
2023-12-05 11:30:00,36.46,36.46,36.18,36.22,111653969.59
2023-12-05 12:00:00,36.22,36.3,36.18,36.26,61821087.38
2023-12-05 12:30:00,36.26,36.32,36.16,36.3,58029487.77
2023-12-05 13:00:00,36.3,36.34,36.2,36.3,74740897.29
2023-12-05 13:30:00,36.3,36.36,36.24,36.24,54315612.68
2023-12-05 14:00:00,36.24,36.54,36.18,36.5,294656676.2
2023-12-05 14:30:00,36.5,36.6,36.4,36.42,217499491.51
2023-12-05 15:00:00,36.42,36.48,36.0,36.02,261953524.99
2023-12-05 15:30:00,36.0,36.2,35.88,36.14,193643029.45
2023-12-05 16:00:00,36.16,36.22,36.02,36.06,141024949.34
2023-12-05 16:30:00,36.06,36.32,36.0,36.24,174449221.25
2023-12-05 17:00:00,36.24,36.5,36.14,36.5,299857352.23
2023-12-05 17:30:00,36.5,36.56,36.3,36.34,418714896.1
2023-12-05 18:00:00,36.56,36.56,36.56,36.56,106035735.76
2023-12-06 10:00:00,36.5,37.18,36.44,37.08,756501421.13
2023-12-06 10:30:00,37.1,37.7,37.0,37.62,617716392.76
2023-12-06 11:00:00,37.62,37.96,37.38,37.48,545542523.68
2023-12-06 11:30:00,37.48,37.64,37.22,37.26,220285064.23
2023-12-06 12:00:00,37.24,37.32,37.08,37.18,275981716.25
2023-12-06 12:30:00,37.2,37.42,37.16,37.18,231558999.3
2023-12-06 13:00:00,37.16,37.26,37.04,37.06,149809028.43
2023-12-06 13:30:00,37.08,37.24,37.04,37.2,103959168.78
2023-12-06 14:00:00,37.2,37.22,36.9,37.02,173608397.31
2023-12-06 14:30:00,37.04,37.04,36.78,36.96,212098294.99
2023-12-06 15:00:00,36.94,37.1,36.9,37.0,147907997.55
2023-12-06 15:30:00,37.0,37.06,36.8,36.98,136776564.0
2023-12-06 16:00:00,36.98,37.08,36.86,36.96,143485679.55
2023-12-06 16:30:00,36.96,37.04,36.76,36.94,196417381.22
2023-12-06 17:00:00,36.96,37.04,36.64,36.8,244874274.38
2023-12-06 17:30:00,36.8,36.82,36.42,36.58,427099082.42
2023-12-06 18:00:00,36.5,36.5,36.5,36.5,158520339.5
2023-12-07 10:00:00,36.36,36.48,35.6,36.1,515681790.7
2023-12-07 10:30:00,36.08,36.12,35.52,35.52,208708425.86
2023-12-07 11:00:00,35.52,35.56,35.26,35.4,214111813.86
2023-12-07 11:30:00,35.42,35.48,35.26,35.48,122638281.94
2023-12-07 12:00:00,35.48,35.64,35.44,35.6,80213292.88
2023-12-07 12:30:00,35.6,35.64,35.42,35.54,55310787.29
2023-12-07 13:00:00,35.54,35.74,35.46,35.7,97069631.11
2023-12-07 13:30:00,35.72,35.78,35.58,35.68,115002159.92
2023-12-07 14:00:00,35.66,35.72,35.36,35.42,107442285.58
2023-12-07 14:30:00,35.42,35.56,35.34,35.48,81796751.17
2023-12-07 15:00:00,35.48,35.56,35.26,35.44,116970151.42
2023-12-07 15:30:00,35.46,35.46,34.84,34.92,203806577.4
2023-12-07 16:00:00,34.94,35.14,34.68,35.02,280156128.68
2023-12-07 16:30:00,35.04,35.24,34.86,35.16,191836657.52
2023-12-07 17:00:00,35.18,35.68,35.16,35.52,346023494.08
2023-12-07 17:30:00,35.54,35.84,35.34,35.6,336699539.93
2023-12-07 18:00:00,35.88,35.88,35.88,35.88,88948457.52
2023-12-08 10:00:00,35.96,36.06,35.48,35.56,560539146.89
2023-12-08 10:30:00,35.56,35.8,35.38,35.44,243310856.03
2023-12-08 11:00:00,35.46,35.46,35.18,35.34,182027473.51
2023-12-08 11:30:00,35.36,35.66,35.34,35.58,137702465.48
2023-12-08 12:00:00,35.6,35.72,35.34,35.36,149335929.02
2023-12-08 12:30:00,35.36,35.48,35.32,35.34,48700456.18
2023-12-08 13:00:00,35.32,35.36,35.24,35.34,67508972.37
2023-12-08 13:30:00,35.32,35.4,35.24,35.28,69072626.46
2023-12-08 14:00:00,35.28,35.36,35.18,35.26,62710601.97
2023-12-08 14:30:00,35.28,35.32,35.24,35.28,51936168.03
2023-12-08 15:00:00,35.28,35.32,35.18,35.24,73680744.26
2023-12-08 15:30:00,35.24,35.42,35.22,35.38,74657995.77
2023-12-08 16:00:00,35.36,35.56,35.34,35.42,162425061.95
2023-12-08 16:30:00,35.42,35.54,35.32,35.36,115558071.29
2023-12-08 17:00:00,35.38,35.4,35.02,35.06,203006893.26
2023-12-08 17:30:00,35.08,35.08,34.62,34.84,404938963.57
2023-12-08 18:00:00,34.96,34.96,34.96,34.96,101027512.88
2023-12-11 10:00:00,34.98,35.32,34.82,35.24,519120368.25
2023-12-11 10:30:00,35.24,35.32,34.96,35.08,204863301.44
2023-12-11 11:00:00,35.1,35.3,34.86,35.0,246365244.85
2023-12-11 11:30:00,35.0,35.12,34.92,35.02,94277606.21
2023-12-11 12:00:00,35.0,35.02,34.78,34.84,118699510.9
2023-12-11 12:30:00,34.84,34.86,34.68,34.76,96979731.06
2023-12-11 13:00:00,34.76,35.02,34.68,34.92,172135629.15
2023-12-11 13:30:00,34.9,35.02,34.76,34.8,117413926.99
2023-12-11 14:00:00,34.8,34.9,34.68,34.84,99356677.4
2023-12-11 14:30:00,34.8,34.94,34.72,34.9,114751397.17
2023-12-11 15:00:00,34.9,34.96,34.84,34.84,86784543.38
2023-12-11 15:30:00,34.84,34.88,34.44,34.56,161994435.21
2023-12-11 16:00:00,34.58,34.86,34.54,34.76,145330451.36
2023-12-11 16:30:00,34.74,34.98,34.66,34.98,167638281.73
2023-12-11 17:00:00,34.98,35.28,34.96,35.26,324734723.98
2023-12-11 17:30:00,35.26,35.44,34.84,34.94,380517408.81
2023-12-11 18:00:00,34.94,34.94,34.9,34.9,96984256.91
2023-12-12 10:00:00,34.9,35.24,34.84,35.08,365100016.23
2023-12-12 10:30:00,35.08,35.26,34.76,34.78,235317639.27
2023-12-12 11:00:00,34.76,35.1,34.76,35.02,204958590.41
2023-12-12 11:30:00,35.02,35.04,34.84,35.02,73180552.76
2023-12-12 12:00:00,35.0,35.04,34.7,34.84,117976895.09
2023-12-12 12:30:00,34.82,35.06,34.8,34.88,108733538.87
2023-12-12 13:00:00,34.88,35.04,34.86,34.98,73094475.84
2023-12-12 13:30:00,34.98,35.06,34.9,34.94,63723668.02
2023-12-12 14:00:00,34.92,35.5,34.88,35.44,428602176.15
2023-12-12 14:30:00,35.46,36.22,35.34,36.2,606480404.19
2023-12-12 15:00:00,36.22,36.56,36.0,36.56,604503690.4
2023-12-12 15:30:00,36.56,37.02,36.46,36.66,626749572.27
2023-12-12 16:00:00,36.66,37.26,36.66,37.22,590997920.43
2023-12-12 16:30:00,37.2,37.28,36.92,37.14,496385699.88
2023-12-12 17:00:00,37.14,37.58,36.92,37.38,763173746.87
2023-12-12 17:30:00,37.38,37.46,37.12,37.36,721343075.54
2023-12-12 18:00:00,37.36,37.36,37.24,37.24,120930540.6
2023-12-13 10:00:00,37.12,38.04,37.04,37.2,1109248243.24
2023-12-13 10:30:00,37.22,37.32,36.96,37.08,422484983.15
2023-12-13 11:00:00,37.08,37.14,36.7,36.84,255446367.54
2023-12-13 11:30:00,36.84,36.94,36.74,36.86,107030823.79
2023-12-13 12:00:00,36.84,37.3,36.76,37.16,207744288.81
2023-12-13 12:30:00,37.16,37.32,36.96,37.04,170154663.23
2023-12-13 13:00:00,37.02,37.18,36.98,37.06,70284555.96
2023-12-13 13:30:00,37.06,37.14,36.92,37.02,76333497.25
2023-12-13 14:00:00,37.02,37.5,36.96,37.46,222318746.66
2023-12-13 14:30:00,37.46,38.2,37.36,38.18,843094630.0
2023-12-13 15:00:00,38.2,38.6,38.18,38.32,662624920.21
2023-12-13 15:30:00,38.34,38.44,38.04,38.1,231244285.64
2023-12-13 16:00:00,38.1,38.12,37.34,37.58,472062913.84
2023-12-13 16:30:00,37.58,37.64,37.06,37.24,315317985.31
2023-12-13 17:00:00,37.28,37.8,37.18,37.46,345625236.13
2023-12-13 17:30:00,37.44,37.52,36.7,36.8,397525059.51
2023-12-13 18:00:00,36.78,36.78,36.78,36.78,138435432.84
2023-12-14 10:00:00,37.4,38.0,37.36,37.56,737160538.58
2023-12-14 10:30:00,37.56,37.76,37.2,37.24,393718183.64
2023-12-14 11:00:00,37.24,37.3,37.06,37.1,171427812.41
2023-12-14 11:30:00,37.08,37.42,37.04,37.4,356044510.59
2023-12-14 12:00:00,37.38,37.7,37.38,37.56,246185672.0
2023-12-14 12:30:00,37.58,37.68,37.34,37.54,161484256.07
2023-12-14 13:00:00,37.52,37.74,37.4,37.66,175624257.5
2023-12-14 13:30:00,37.66,37.8,37.6,37.76,224160785.3
2023-12-14 14:00:00,37.76,37.94,37.68,37.9,248532006.53
2023-12-14 14:30:00,37.88,38.48,37.88,38.46,651986807.96
2023-12-14 15:00:00,38.44,38.66,38.42,38.64,468228888.97
2023-12-14 15:30:00,38.62,38.74,38.44,38.56,249995251.48
2023-12-14 16:00:00,38.58,38.92,38.52,38.9,301340212.43
2023-12-14 16:30:00,38.88,38.98,38.54,38.6,417619335.64
2023-12-14 17:00:00,38.58,38.68,38.16,38.3,397101964.13
2023-12-14 17:30:00,38.28,38.4,38.14,38.34,388911745.48
2023-12-14 18:00:00,38.34,38.34,38.34,38.34,129698047.26
2023-12-15 10:00:00,38.38,39.06,38.26,38.72,668649396.48
2023-12-15 10:30:00,38.72,38.84,38.38,38.78,242571108.86
2023-12-15 11:00:00,38.78,39.58,38.76,39.36,718043367.49
2023-12-15 11:30:00,39.34,39.48,39.16,39.24,231048454.87
2023-12-15 12:00:00,39.24,39.92,39.24,39.9,343765326.62
2023-12-15 12:30:00,39.9,39.94,39.5,39.68,257878677.91
2023-12-15 13:00:00,39.68,39.78,39.46,39.58,118539531.09
2023-12-15 13:30:00,39.58,39.9,39.44,39.66,170629701.06
2023-12-15 14:00:00,39.64,39.72,39.5,39.7,90310106.91
2023-12-15 14:30:00,39.68,39.7,39.5,39.6,81080858.03
2023-12-15 15:00:00,39.62,39.7,39.46,39.58,111846344.48
2023-12-15 15:30:00,39.58,39.66,39.38,39.38,135560442.86
2023-12-15 16:00:00,39.38,39.52,38.9,39.2,225796823.31
2023-12-15 16:30:00,39.18,39.32,38.86,39.3,194439433.69
2023-12-15 17:00:00,39.28,39.38,38.8,38.98,238095353.64
2023-12-15 17:30:00,38.98,39.26,38.88,39.02,275772231.84
2023-12-15 18:00:00,39.02,39.1,39.02,39.1,285584074.64
2023-12-18 10:00:00,38.52,39.58,38.52,39.36,954699870.06
2023-12-18 10:30:00,39.36,39.42,38.94,39.0,291373616.9
2023-12-18 11:00:00,39.0,39.34,38.84,39.08,183458193.5
2023-12-18 11:30:00,39.08,39.26,38.92,39.2,166255116.45
2023-12-18 12:00:00,39.2,39.36,39.08,39.32,131955831.48
2023-12-18 12:30:00,39.32,39.42,39.2,39.24,142674569.09
2023-12-18 13:00:00,39.26,39.44,39.18,39.42,145043767.48
2023-12-18 13:30:00,39.4,39.74,39.36,39.54,242379103.77
2023-12-18 14:00:00,39.54,39.62,39.42,39.46,87207089.19
2023-12-18 14:30:00,39.46,39.56,39.28,39.48,120432610.49
2023-12-18 15:00:00,39.46,39.56,39.4,39.48,118951837.02
2023-12-18 15:30:00,39.48,39.48,39.1,39.3,131067488.26
2023-12-18 16:00:00,39.3,39.62,39.24,39.52,136804165.07
2023-12-18 16:30:00,39.52,39.6,39.3,39.5,148888134.13
2023-12-18 17:00:00,39.5,39.62,39.12,39.16,230976645.63
2023-12-18 17:30:00,39.16,39.42,38.88,39.32,439388949.12
2023-12-18 18:00:00,39.4,39.4,39.4,39.4,129576198.4
2023-12-19 10:00:00,39.38,39.5,39.02,39.16,429413257.16
2023-12-19 10:30:00,39.14,39.3,38.74,38.8,222221919.35
2023-12-19 11:00:00,38.8,39.0,38.46,38.56,355822980.09
2023-12-19 11:30:00,38.56,38.6,38.1,38.42,296558900.97
2023-12-19 12:00:00,38.44,38.5,38.28,38.3,89855798.19
2023-12-19 12:30:00,38.32,38.32,38.04,38.22,123643098.03
2023-12-19 13:00:00,38.24,38.52,38.04,38.44,188430329.35
2023-12-19 13:30:00,38.44,38.62,38.4,38.56,173651861.38
2023-12-19 14:00:00,38.56,38.6,38.4,38.46,154561229.29
2023-12-19 14:30:00,38.44,38.8,38.3,38.36,247510386.71
2023-12-19 15:00:00,38.38,38.4,37.96,37.96,207259693.08
2023-12-19 15:30:00,37.96,38.48,37.9,38.38,276137871.66
2023-12-19 16:00:00,38.38,38.42,38.14,38.36,120515572.64
2023-12-19 16:30:00,38.34,38.62,38.14,38.4,157386235.22
2023-12-19 17:00:00,38.4,38.58,38.3,38.46,302977749.96
2023-12-19 17:30:00,38.46,38.88,38.42,38.82,389090413.6
2023-12-19 18:00:00,38.82,38.88,38.82,38.88,107115022.08
2023-12-20 10:00:00,38.88,39.3,38.76,39.18,547002890.02
2023-12-20 10:30:00,39.18,39.4,39.02,39.16,241300158.21
2023-12-20 11:00:00,39.16,39.52,39.14,39.32,222700167.65
2023-12-20 11:30:00,39.3,39.34,38.94,39.04,222895900.47
2023-12-20 12:00:00,39.02,39.3,38.98,39.24,142035582.56
2023-12-20 12:30:00,39.24,39.3,39.08,39.2,69082203.81
2023-12-20 13:00:00,39.2,39.46,39.08,39.22,172208589.91
2023-12-20 13:30:00,39.22,39.48,39.2,39.26,160014188.74
2023-12-20 14:00:00,39.26,39.34,39.14,39.24,121563563.48
2023-12-20 14:30:00,39.24,39.28,39.12,39.2,65267827.3
2023-12-20 15:00:00,39.2,39.28,38.96,39.16,183091550.08
2023-12-20 15:30:00,39.16,39.22,38.98,39.06,70598955.68
2023-12-20 16:00:00,39.06,39.26,38.96,39.22,94275709.41
2023-12-20 16:30:00,39.22,39.5,39.0,39.08,284526771.14
2023-12-20 17:00:00,39.08,39.64,38.98,39.46,335864731.11
2023-12-20 17:30:00,39.46,40.0,39.4,39.98,733091906.54
2023-12-20 18:00:00,40.0,40.0,39.94,39.94,89576718.0
2023-12-21 10:00:00,39.94,40.5,39.7,40.5,768301111.31
2023-12-21 10:30:00,40.48,40.72,40.3,40.42,320076857.26
2023-12-21 11:00:00,40.42,40.5,39.5,39.7,614374464.02
2023-12-21 11:30:00,39.68,39.86,39.56,39.7,217358573.41
2023-12-21 12:00:00,39.7,39.92,39.56,39.62,252686827.57
2023-12-21 12:30:00,39.62,39.76,39.58,39.62,72564400.12
2023-12-21 13:00:00,39.62,39.68,39.54,39.58,75704680.12
2023-12-21 13:30:00,39.6,39.86,39.58,39.78,179721049.61
2023-12-21 14:00:00,39.78,40.0,39.4,39.64,688422567.32
2023-12-21 14:30:00,39.66,39.68,39.38,39.38,195186318.16
2023-12-21 15:00:00,39.4,39.4,39.04,39.06,292259349.55
2023-12-21 15:30:00,39.04,39.3,39.02,39.28,108696856.39
2023-12-21 16:00:00,39.28,39.44,39.18,39.4,183300065.24
2023-12-21 16:30:00,39.4,39.74,39.34,39.44,319054448.97
2023-12-21 17:00:00,39.44,39.72,39.4,39.54,302583469.91
2023-12-21 17:30:00,39.54,39.6,39.22,39.28,395518080.43
2023-12-21 18:00:00,39.1,39.1,39.1,39.1,153207758.7
2023-12-22 10:00:00,39.16,39.44,39.06,39.28,462453058.67
2023-12-22 10:30:00,39.26,39.44,39.12,39.38,341881079.25
2023-12-22 11:00:00,39.38,39.48,39.18,39.2,210808079.04
2023-12-22 11:30:00,39.2,39.36,39.16,39.32,120678676.84
2023-12-22 12:00:00,39.32,39.32,39.22,39.28,102232297.11
2023-12-22 12:30:00,39.28,39.42,39.18,39.2,140288069.79
2023-12-22 13:00:00,39.2,39.24,39.12,39.2,86965229.63
2023-12-22 13:30:00,39.2,39.3,39.18,39.24,58916059.47
2023-12-22 14:00:00,39.24,39.34,39.22,39.24,74993002.7
2023-12-22 14:30:00,39.24,39.36,39.22,39.28,102107213.51
2023-12-22 15:00:00,39.3,39.58,39.26,39.52,260702546.76
2023-12-22 15:30:00,39.52,39.78,39.3,39.52,442237097.25
2023-12-22 16:00:00,39.54,39.58,39.4,39.58,124400935.97
2023-12-22 16:30:00,39.58,39.64,39.34,39.46,239747496.8
2023-12-22 17:00:00,39.46,39.58,39.38,39.5,258296473.51
2023-12-22 17:30:00,39.5,39.58,38.96,39.1,520412827.98
2023-12-22 18:00:00,39.16,39.16,39.16,39.16,75608248.32
2023-12-25 10:00:00,39.02,39.02,38.5,38.6,261227453.99
2023-12-25 10:30:00,38.6,38.64,38.02,38.18,189492707.7
2023-12-25 11:00:00,38.18,38.2,37.6,37.96,222925797.57
2023-12-25 11:30:00,37.96,38.3,37.96,38.22,122252851.65
2023-12-25 12:00:00,38.22,38.26,37.96,37.96,31558845.98
2023-12-25 12:30:00,37.98,38.0,37.82,37.84,35921888.77
2023-12-25 13:00:00,37.84,38.02,37.72,37.98,40158122.72
2023-12-25 13:30:00,37.98,38.02,37.86,37.9,28187719.86
2023-12-25 14:00:00,37.9,37.96,37.76,37.8,40313862.95
2023-12-25 14:30:00,37.84,38.34,37.76,38.24,92070238.91
2023-12-25 15:00:00,38.24,38.4,38.12,38.18,52109423.79
2023-12-25 15:30:00,38.18,38.38,38.08,38.32,49874326.63
2023-12-25 16:00:00,38.34,38.58,38.32,38.38,107516575.28
2023-12-25 16:30:00,38.38,38.4,37.94,38.14,104488895.78
2023-12-25 17:00:00,38.14,38.22,37.08,37.38,234182897.72
2023-12-25 17:30:00,37.38,38.12,37.14,38.06,290943245.82
2023-12-25 18:00:00,38.04,38.04,38.04,38.04,50863245.96
2023-12-26 10:00:00,38.38,38.44,37.7,37.8,382727226.14
2023-12-26 10:30:00,37.8,38.5,37.74,38.24,239534046.18
2023-12-26 11:00:00,38.26,38.4,37.8,37.86,192585226.51
2023-12-26 11:30:00,37.86,37.88,37.62,37.76,161669168.12
2023-12-26 12:00:00,37.76,37.76,37.52,37.6,63746322.46
2023-12-26 12:30:00,37.6,37.76,37.54,37.54,54239991.45
2023-12-26 13:00:00,37.54,37.66,37.14,37.16,112485193.89
2023-12-26 13:30:00,37.18,37.34,36.96,37.32,213925681.37
2023-12-26 14:00:00,37.32,37.8,37.24,37.6,189672522.57
2023-12-26 14:30:00,37.6,37.76,37.38,37.7,98461822.84
2023-12-26 15:00:00,37.72,37.92,37.54,37.68,199405803.06
2023-12-26 15:30:00,37.7,38.0,37.64,37.92,181772839.97
2023-12-26 16:00:00,37.94,38.2,37.72,37.84,311005588.56
2023-12-26 16:30:00,37.84,38.02,37.58,38.0,163638636.23
2023-12-26 17:00:00,38.0,38.28,37.68,37.78,265394562.19
2023-12-26 17:30:00,37.76,38.2,37.64,37.66,303374409.85
2023-12-26 18:00:00,37.66,37.68,37.64,37.68,56487905.95
2023-12-27 10:00:00,37.6,37.68,36.84,36.9,483272801.68
2023-12-27 10:30:00,36.9,36.96,36.52,36.52,206295469.1
2023-12-27 11:00:00,36.52,36.54,36.26,36.42,204271924.51
2023-12-27 11:30:00,36.4,36.46,36.04,36.1,198226553.96
2023-12-27 12:00:00,36.08,36.24,35.86,35.9,208345047.63
2023-12-27 12:30:00,35.9,36.12,35.84,36.02,141796988.17
2023-12-27 13:00:00,36.0,36.06,35.92,36.04,52028956.98
2023-12-27 13:30:00,36.06,36.18,35.98,36.16,93734525.23
2023-12-27 14:00:00,36.16,36.28,35.96,36.08,169434960.85
2023-12-27 14:30:00,36.06,36.16,35.86,36.08,258960753.38
2023-12-27 15:00:00,36.1,36.42,36.06,36.2,399961009.64
2023-12-27 15:30:00,36.2,36.5,36.08,36.38,336428352.94
2023-12-27 16:00:00,36.38,36.6,36.32,36.54,430601525.02
2023-12-27 16:30:00,36.56,36.64,36.28,36.32,265907591.59
2023-12-27 17:00:00,36.34,36.4,35.92,36.02,327157206.12
2023-12-27 17:30:00,36.02,36.18,35.82,35.92,340273546.89
2023-12-27 18:00:00,35.88,35.88,35.88,35.88,135916095.12
2023-12-28 10:00:00,36.0,36.46,36.0,36.26,450414398.86
2023-12-28 10:30:00,36.26,36.48,36.26,36.36,270288653.13
2023-12-28 11:00:00,36.38,36.4,36.1,36.24,211606615.81
2023-12-28 11:30:00,36.24,36.3,36.18,36.18,63675592.44
2023-12-28 12:00:00,36.18,36.5,36.18,36.38,254086840.35
2023-12-28 12:30:00,36.4,36.46,36.26,36.34,141161199.7
2023-12-28 13:00:00,36.32,36.4,36.22,36.28,116406011.6
2023-12-28 13:30:00,36.28,36.3,36.14,36.28,135071663.17
2023-12-28 14:00:00,36.26,36.3,36.12,36.14,90933456.4
2023-12-28 14:30:00,36.16,36.28,36.12,36.18,106646282.35
2023-12-28 15:00:00,36.18,36.34,36.18,36.22,110735012.76
2023-12-28 15:30:00,36.22,36.24,36.06,36.12,140973061.69
2023-12-28 16:00:00,36.12,36.2,36.02,36.14,124781342.81
2023-12-28 16:30:00,36.14,36.42,36.08,36.42,278351058.28
2023-12-28 17:00:00,36.42,36.46,36.02,36.04,220750096.69
2023-12-28 17:30:00,36.06,36.18,35.98,36.06,227802806.94
2023-12-28 18:00:00,36.04,36.04,36.04,36.04,118018926.6
2023-12-29 10:00:00,36.08,36.44,36.06,36.34,316208560.99
2023-12-29 10:30:00,36.32,36.86,36.32,36.72,440575306.14
2023-12-29 11:00:00,36.72,36.78,36.56,36.66,219153435.53
2023-12-29 11:30:00,36.66,36.72,36.48,36.62,104281419.29
2023-12-29 12:00:00,36.6,36.76,36.56,36.7,146091520.73
2023-12-29 12:30:00,36.7,36.86,36.68,36.78,153286539.5
2023-12-29 13:00:00,36.78,36.82,36.68,36.74,66846761.01
2023-12-29 13:30:00,36.72,36.8,36.58,36.8,106529669.02
2023-12-29 14:00:00,36.78,36.82,36.68,36.78,96595341.76
2023-12-29 14:30:00,36.78,36.82,36.72,36.74,148737095.32
2023-12-29 15:00:00,36.74,36.78,36.66,36.66,143582102.92
2023-12-29 15:30:00,36.68,36.82,36.66,36.76,135145569.27
2023-12-29 16:00:00,36.74,36.8,36.6,36.72,107438109.63
2023-12-29 16:30:00,36.72,36.74,36.42,36.5,191598300.59
2023-12-29 17:00:00,36.5,36.82,36.48,36.76,264277952.41
2023-12-29 17:30:00,36.76,36.78,36.36,36.46,396747016.07
2023-12-29 18:00:00,36.52,36.52,36.52,36.52,146477447.16
2024-01-02 10:00:00,36.9,37.18,36.74,37.16,604941062.03
2024-01-02 10:30:00,37.16,37.28,37.1,37.16,212681831.15
2024-01-02 11:00:00,37.18,37.26,37.0,37.06,142535761.0
2024-01-02 11:30:00,37.06,37.12,36.96,36.98,103215771.36
2024-01-02 12:00:00,36.98,37.08,36.92,36.98,79891467.33
2024-01-02 12:30:00,36.98,37.08,36.94,36.96,58377098.47
2024-01-02 13:00:00,36.96,36.98,36.78,36.84,154685299.22
2024-01-02 13:30:00,36.84,36.98,36.82,36.9,74980041.39
2024-01-02 14:00:00,36.9,36.92,36.64,36.74,176601673.55
2024-01-02 14:30:00,36.74,36.8,36.54,36.6,119292201.69
2024-01-02 15:00:00,36.6,36.68,36.38,36.42,169924322.25
2024-01-02 15:30:00,36.4,36.62,36.26,36.28,135694811.82
2024-01-02 16:00:00,36.28,36.46,36.22,36.34,122714441.7
2024-01-02 16:30:00,36.34,36.6,36.32,36.54,172223084.11
2024-01-02 17:00:00,36.54,36.64,36.38,36.42,220571963.98
2024-01-02 17:30:00,36.42,36.56,36.4,36.5,215351705.45
2024-01-02 18:00:00,36.54,36.54,36.54,36.54,160024737.6
2024-01-03 10:00:00,36.54,36.66,36.32,36.44,503996549.2
2024-01-03 10:30:00,36.46,36.76,36.42,36.68,364909950.22
2024-01-03 11:00:00,36.68,36.72,36.56,36.58,148707659.54
2024-01-03 11:30:00,36.58,36.7,36.42,36.44,104993932.86
2024-01-03 12:00:00,36.44,36.48,36.38,36.4,69684105.49
2024-01-03 12:30:00,36.4,36.5,36.34,36.42,76861858.03
2024-01-03 13:00:00,36.42,36.44,36.32,36.36,67050694.07
2024-01-03 13:30:00,36.34,36.4,36.26,36.32,88909082.49
2024-01-03 14:00:00,36.32,36.44,36.22,36.26,119736727.44
2024-01-03 14:30:00,36.24,36.34,36.14,36.28,111203796.96
2024-01-03 15:00:00,36.28,36.3,36.12,36.18,78976895.25
2024-01-03 15:30:00,36.18,36.22,36.02,36.14,87741916.2
2024-01-03 16:00:00,36.14,36.26,36.08,36.24,56949006.84
2024-01-03 16:30:00,36.24,36.24,35.98,35.98,113135821.26
2024-01-03 17:00:00,36.0,36.12,35.8,35.9,193690727.7
2024-01-03 17:30:00,35.9,36.02,35.26,35.42,303053588.51
2024-01-03 18:00:00,35.34,35.34,35.34,35.34,126007137.78
2024-01-04 10:00:00,35.4,35.62,34.86,35.14,503496820.93
2024-01-04 10:30:00,35.12,35.18,35.02,35.14,156251287.2
2024-01-04 11:00:00,35.16,35.46,35.04,35.46,123975163.06
2024-01-04 11:30:00,35.46,35.9,35.46,35.88,347278574.43
2024-01-04 12:00:00,35.88,36.12,35.74,35.76,277213301.72
2024-01-04 12:30:00,35.8,35.84,35.66,35.66,85877374.23
2024-01-04 13:00:00,35.66,35.9,35.66,35.82,72856262.87
2024-01-04 13:30:00,35.84,35.86,35.66,35.66,72052692.95
2024-01-04 14:00:00,35.66,35.76,35.62,35.66,67851551.59
2024-01-04 14:30:00,35.66,35.9,35.64,35.9,66818241.35
2024-01-04 15:00:00,35.9,35.96,35.72,35.78,88346159.77
2024-01-04 15:30:00,35.78,36.08,35.72,36.0,129874488.12
2024-01-04 16:00:00,36.0,36.3,35.98,36.28,217265820.28
2024-01-04 16:30:00,36.26,36.48,36.16,36.22,233487987.03
2024-01-04 17:00:00,36.2,36.36,36.08,36.18,141556310.98
2024-01-04 17:30:00,36.2,36.36,36.12,36.26,189690243.45
2024-01-04 18:00:00,36.3,36.3,36.3,36.3,135102138.6
2024-01-05 10:00:00,36.38,36.46,36.16,36.26,410248277.41
2024-01-05 10:30:00,36.26,36.26,35.86,36.2,272839461.35
2024-01-05 11:00:00,36.2,36.26,35.94,36.2,133312434.56
2024-01-05 11:30:00,36.2,36.24,36.06,36.18,84938411.53
2024-01-05 12:00:00,36.18,36.32,36.14,36.3,120510787.68
2024-01-05 12:30:00,36.3,36.38,36.2,36.34,58910675.65
2024-01-05 13:00:00,36.32,36.34,36.18,36.22,61775703.84
2024-01-05 13:30:00,36.22,36.32,36.2,36.26,43304551.74
2024-01-05 14:00:00,36.28,36.32,36.24,36.28,42002943.47
2024-01-05 14:30:00,36.28,36.64,36.24,36.54,362513971.47
2024-01-05 15:00:00,36.54,36.58,36.44,36.54,107761982.09
2024-01-05 15:30:00,36.54,36.6,36.44,36.5,122915895.75
2024-01-05 16:00:00,36.5,36.56,36.42,36.52,69312566.02
2024-01-05 16:30:00,36.5,36.66,36.36,36.66,154130784.51
2024-01-05 17:00:00,36.64,36.88,36.48,36.62,268944432.24
2024-01-05 17:30:00,36.6,36.72,36.58,36.68,198640360.0
2024-01-05 18:00:00,36.78,36.78,36.78,36.78,73416374.1
2024-01-08 10:00:00,37.4,38.3,37.38,38.16,818456826.13
2024-01-08 10:30:00,38.16,38.54,38.08,38.34,365942296.54
2024-01-08 11:00:00,38.34,39.26,38.24,39.14,538337579.29
2024-01-08 11:30:00,39.14,39.42,39.08,39.4,456397135.03
2024-01-08 12:00:00,39.38,39.42,39.12,39.2,130451509.44
2024-01-08 12:30:00,39.2,39.24,39.06,39.16,142253077.39
2024-01-08 13:00:00,39.14,39.24,39.12,39.14,80404120.07
2024-01-08 13:30:00,39.14,39.26,39.08,39.24,133390089.44
2024-01-08 14:00:00,39.24,39.36,39.1,39.34,126449729.63
2024-01-08 14:30:00,39.34,39.58,39.26,39.42,377790519.9
2024-01-08 15:00:00,39.42,39.8,39.34,39.68,332059146.06
2024-01-08 15:30:00,39.68,39.8,39.46,39.64,428900504.11
2024-01-08 16:00:00,39.64,39.88,39.46,39.84,302580035.71
2024-01-08 16:30:00,39.82,40.14,39.64,40.08,397339629.06
2024-01-08 17:00:00,40.1,40.26,39.92,40.2,439075595.48
2024-01-08 17:30:00,40.2,40.44,40.02,40.44,890710085.1
2024-01-08 18:00:00,40.44,40.44,40.44,40.44,236289423.72
2024-01-09 10:00:00,40.68,40.74,40.02,40.32,761107848.67
2024-01-09 10:30:00,40.32,41.58,40.14,41.56,852313259.39
2024-01-09 11:00:00,41.56,41.78,41.12,41.24,653022086.27
2024-01-09 11:30:00,41.22,41.36,40.88,41.08,273524783.97
2024-01-09 12:00:00,41.08,41.2,40.98,41.1,137283522.27
2024-01-09 12:30:00,41.1,41.32,41.1,41.22,208499200.63
2024-01-09 13:00:00,41.22,41.34,41.06,41.2,158273106.27
2024-01-09 13:30:00,41.18,41.42,41.18,41.42,148784773.83
2024-01-09 14:00:00,41.42,41.52,41.22,41.42,195384696.87
2024-01-09 14:30:00,41.4,41.82,41.38,41.46,454704091.93
2024-01-09 15:00:00,41.46,41.68,41.24,41.32,143859701.04
2024-01-09 15:30:00,41.32,41.32,40.76,40.84,460542153.69
2024-01-09 16:00:00,40.84,41.08,40.76,40.98,258292082.6
2024-01-09 16:30:00,40.96,41.08,39.72,39.76,539464105.95
2024-01-09 17:00:00,39.78,39.96,39.6,39.72,448677595.8
2024-01-09 17:30:00,39.72,40.04,39.42,39.76,488508999.34
2024-01-09 18:00:00,39.84,39.84,39.84,39.84,120029354.4
2024-01-10 10:00:00,39.84,40.28,39.64,40.12,424736705.37
2024-01-10 10:30:00,40.14,40.44,40.1,40.44,389687207.47
2024-01-10 11:00:00,40.44,40.52,39.96,40.06,263515637.8
2024-01-10 11:30:00,40.04,40.18,39.9,40.08,190319160.26
2024-01-10 12:00:00,40.08,40.1,39.94,40.0,73960073.21
2024-01-10 12:30:00,40.02,40.08,39.96,40.06,53682733.4
2024-01-10 13:00:00,40.06,40.1,39.74,39.74,155948644.05
2024-01-10 13:30:00,39.76,39.9,39.74,39.86,125467432.12
2024-01-10 14:00:00,39.86,40.02,39.84,40.0,86189938.49
2024-01-10 14:30:00,40.0,40.02,39.86,39.94,129652959.63
2024-01-10 15:00:00,39.94,40.14,39.86,40.02,157873743.51
2024-01-10 15:30:00,40.02,40.04,39.88,39.96,107541928.19
2024-01-10 16:00:00,39.96,40.26,39.92,40.14,308968040.83
2024-01-10 16:30:00,40.14,40.98,40.08,40.82,712264976.51
2024-01-10 17:00:00,40.82,41.0,40.68,40.72,433465518.0
2024-01-10 17:30:00,40.74,40.96,40.5,40.74,506651944.34
2024-01-10 18:00:00,40.74,40.74,40.74,40.74,145763279.34
2024-01-11 10:00:00,40.98,41.42,40.88,41.16,1005130498.16
2024-01-11 10:30:00,41.16,41.18,40.7,40.72,294597851.67
2024-01-11 11:00:00,40.72,41.08,40.52,40.98,353314206.55
2024-01-11 11:30:00,40.96,41.1,40.78,40.92,128547431.37
2024-01-11 12:00:00,40.94,41.16,40.9,41.1,152149009.53
2024-01-11 12:30:00,41.12,41.36,41.08,41.16,327435838.57
2024-01-11 13:00:00,41.18,41.32,41.16,41.2,137106375.77
2024-01-11 13:30:00,41.2,41.28,41.16,41.2,85982730.81
2024-01-11 14:00:00,41.2,41.38,41.08,41.16,243089476.58
2024-01-11 14:30:00,41.16,41.22,41.08,41.12,120649368.54
2024-01-11 15:00:00,41.12,41.34,41.12,41.16,141201094.62
2024-01-11 15:30:00,41.16,41.42,41.1,41.16,377045323.48
2024-01-11 16:00:00,41.18,41.46,41.1,41.42,366380414.21
2024-01-11 16:30:00,41.42,41.56,41.28,41.32,448069923.3
2024-01-11 17:00:00,41.32,41.44,40.86,40.98,662161743.05
2024-01-11 17:30:00,40.98,41.18,40.8,41.12,720024960.34
2024-01-11 18:00:00,41.12,41.12,41.12,41.12,210041700.16
2024-01-12 10:00:00,40.74,40.86,40.16,40.18,697413536.47
2024-01-12 10:30:00,40.2,40.72,40.16,40.68,503478959.13
2024-01-12 11:00:00,40.68,41.74,40.62,41.62,964289929.43
2024-01-12 11:30:00,41.64,41.94,41.62,41.88,610721486.39
2024-01-12 12:00:00,41.86,41.92,41.66,41.76,306047629.31
2024-01-12 12:30:00,41.76,41.88,41.5,41.58,287277439.07
2024-01-12 13:00:00,41.6,41.78,41.54,41.78,276381278.94
2024-01-12 13:30:00,41.78,42.1,41.66,41.98,446751043.75
2024-01-12 14:00:00,42.0,42.58,41.98,42.48,851212717.29
2024-01-12 14:30:00,42.48,43.34,42.44,43.2,828182110.94
2024-01-12 15:00:00,43.2,43.56,43.18,43.38,662104243.9
2024-01-12 15:30:00,43.36,43.4,43.1,43.3,294443085.1
2024-01-12 16:00:00,43.32,44.14,43.3,43.88,671671280.87
2024-01-12 16:30:00,43.86,44.26,43.7,44.12,572012672.95
2024-01-12 17:00:00,44.1,44.16,43.8,43.88,509928641.9
2024-01-12 17:30:00,43.88,43.94,43.14,43.22,820552277.44
2024-01-12 18:00:00,43.26,43.26,43.26,43.26,221218575.48
2024-01-15 10:00:00,43.18,43.4,42.56,43.04,1138747723.43
2024-01-15 10:30:00,43.02,43.22,42.7,42.94,414176743.43
2024-01-15 11:00:00,42.92,43.5,42.88,43.36,690850236.07
2024-01-15 11:30:00,43.36,43.5,43.12,43.12,465780895.48
2024-01-15 12:00:00,43.12,43.24,43.08,43.2,211217547.71
2024-01-15 12:30:00,43.2,43.22,42.94,43.04,163349586.04
2024-01-15 13:00:00,43.04,43.1,42.92,43.08,101858010.66
2024-01-15 13:30:00,43.08,43.24,42.84,43.2,246448787.67
2024-01-15 14:00:00,43.2,43.22,42.96,43.08,123139639.32
2024-01-15 14:30:00,43.08,43.2,42.9,42.94,158878740.14
2024-01-15 15:00:00,42.94,43.24,42.84,43.18,251522088.89
2024-01-15 15:30:00,43.18,43.42,43.08,43.14,353603385.58
2024-01-15 16:00:00,43.14,43.16,42.88,43.02,221905283.9
2024-01-15 16:30:00,43.02,43.14,42.84,43.02,284139474.72
2024-01-15 17:00:00,43.02,43.22,42.94,42.94,274597647.71
2024-01-15 17:30:00,42.94,43.2,42.9,43.0,405829595.78
2024-01-15 18:00:00,43.18,43.18,43.18,43.18,176778747.28
2024-01-16 10:00:00,43.18,43.6,42.82,42.9,725126477.99
2024-01-16 10:30:00,42.9,42.98,42.34,42.36,403504653.14
2024-01-16 11:00:00,42.34,42.36,41.96,42.06,388372907.82
2024-01-16 11:30:00,42.06,42.22,42.02,42.14,150077358.66
2024-01-16 12:00:00,42.14,42.14,41.84,41.88,164133096.75
2024-01-16 12:30:00,41.88,41.94,41.7,41.78,276022350.64
2024-01-16 13:00:00,41.78,41.78,41.66,41.72,92329936.87
2024-01-16 13:30:00,41.7,41.84,41.66,41.82,127338929.32
2024-01-16 14:00:00,41.8,41.94,41.72,41.8,163918329.6
2024-01-16 14:30:00,41.8,41.96,41.78,41.86,122690959.17
2024-01-16 15:00:00,41.88,41.96,41.84,41.88,66261669.61
2024-01-16 15:30:00,41.86,42.02,41.84,41.92,96853403.01
2024-01-16 16:00:00,41.92,42.16,41.84,41.96,256691670.84
2024-01-16 16:30:00,41.96,42.0,41.78,41.9,206847823.28
2024-01-16 17:00:00,41.88,41.9,41.6,41.68,191392252.04
2024-01-16 17:30:00,41.68,41.94,41.32,41.92,481376954.59
2024-01-16 18:00:00,41.92,41.92,41.8,41.8,176176257.75
2024-01-17 10:00:00,41.74,42.28,41.62,42.24,721271075.78
2024-01-17 10:30:00,42.22,42.26,42.0,42.18,322748880.57
2024-01-17 11:00:00,42.18,42.26,42.02,42.12,294379700.18
2024-01-17 11:30:00,42.1,42.14,41.92,42.04,159581452.25
2024-01-17 12:00:00,42.06,42.1,41.96,42.0,77588977.46
2024-01-17 12:30:00,42.0,42.06,41.98,42.04,39268909.49
2024-01-17 13:00:00,42.04,42.1,42.0,42.08,53444559.44
2024-01-17 13:30:00,42.1,42.22,42.04,42.16,178831342.08
2024-01-17 14:00:00,42.14,42.22,42.02,42.08,142613584.57
2024-01-17 14:30:00,42.08,42.12,41.96,42.02,80345314.77
2024-01-17 15:00:00,42.02,42.06,41.64,41.76,242622888.58
2024-01-17 15:30:00,41.76,42.0,41.7,41.94,100769346.49
2024-01-17 16:00:00,41.94,41.98,41.84,41.88,92416675.09
2024-01-17 16:30:00,41.88,42.0,41.82,41.98,103731862.44
2024-01-17 17:00:00,41.98,42.14,41.86,42.08,189497125.43
2024-01-17 17:30:00,42.06,42.12,41.9,42.0,341336175.13
2024-01-17 18:00:00,42.0,42.0,42.0,42.0,193278666.0
2024-01-18 10:00:00,43.0,43.3,42.78,42.92,1056969703.25
2024-01-18 10:30:00,42.92,43.0,42.82,42.88,166175662.07
2024-01-18 11:00:00,42.86,42.92,42.6,42.74,217161922.75
2024-01-18 11:30:00,42.72,42.82,42.62,42.72,129429143.43
2024-01-18 12:00:00,42.74,42.76,42.52,42.56,100804964.88
2024-01-18 12:30:00,42.54,42.66,42.42,42.48,143177735.84
2024-01-18 13:00:00,42.48,42.54,42.36,42.4,96125653.3
2024-01-18 13:30:00,42.38,42.46,42.28,42.28,116566913.93
2024-01-18 14:00:00,42.3,42.46,42.26,42.38,113470338.51
2024-01-18 14:30:00,42.38,42.44,42.26,42.38,78490862.98
2024-01-18 15:00:00,42.4,42.66,42.38,42.46,153816382.86
2024-01-18 15:30:00,42.48,42.62,42.2,42.24,133247642.81
2024-01-18 16:00:00,42.24,42.44,42.18,42.36,129504211.8
2024-01-18 16:30:00,42.38,42.38,42.08,42.16,132558190.02
2024-01-18 17:00:00,42.14,42.18,41.66,41.7,285735436.03
2024-01-18 17:30:00,41.7,41.82,41.12,41.16,422852770.99
2024-01-18 18:00:00,41.02,41.02,41.02,41.02,185499700.54
2024-01-19 10:00:00,41.22,41.32,40.82,40.96,563064757.3
2024-01-19 10:30:00,40.96,41.3,40.92,41.2,256944239.88
2024-01-19 11:00:00,41.2,41.22,40.36,40.42,410744541.46
2024-01-19 11:30:00,40.42,40.6,40.26,40.58,197341209.67
2024-01-19 12:00:00,40.58,40.66,40.44,40.58,125807059.88
2024-01-19 12:30:00,40.6,40.6,40.44,40.46,51958554.29
2024-01-19 13:00:00,40.46,40.58,40.4,40.48,61718053.07
2024-01-19 13:30:00,40.48,40.66,40.48,40.52,73434432.39
2024-01-19 14:00:00,40.52,40.68,40.44,40.64,95876432.45
2024-01-19 14:30:00,40.66,40.94,40.6,40.92,226740188.69
2024-01-19 15:00:00,40.92,41.44,40.92,41.26,510199742.19
2024-01-19 15:30:00,41.26,41.32,41.16,41.26,138752566.0
2024-01-19 16:00:00,41.26,41.3,41.04,41.12,212721263.1
2024-01-19 16:30:00,41.1,41.16,41.02,41.02,94701367.35
2024-01-19 17:00:00,41.02,41.16,40.8,41.02,212353323.75
2024-01-19 17:30:00,41.04,41.08,40.74,40.78,319043724.64
2024-01-19 18:00:00,40.92,40.92,40.92,40.92,168669048.24
2024-01-22 10:00:00,40.56,40.6,39.78,40.02,712231016.07
2024-01-22 10:30:00,40.02,40.18,39.98,40.14,287047210.77
2024-01-22 11:00:00,40.12,40.34,40.12,40.16,184407486.01
2024-01-22 11:30:00,40.14,40.28,40.06,40.24,100563870.8
2024-01-22 12:00:00,40.24,40.26,40.12,40.18,67172169.45
2024-01-22 12:30:00,40.16,40.42,40.14,40.32,202221138.23
2024-01-22 13:00:00,40.32,40.34,40.16,40.18,120317790.28
2024-01-22 13:30:00,40.2,40.24,40.16,40.18,79917895.61
2024-01-22 14:00:00,40.16,40.4,40.16,40.36,357800148.23
2024-01-22 14:30:00,40.34,40.44,40.24,40.36,126611210.62
2024-01-22 15:00:00,40.34,40.4,40.22,40.3,126680173.15
2024-01-22 15:30:00,40.3,40.42,40.26,40.28,154047755.3
2024-01-22 16:00:00,40.28,40.44,40.24,40.4,169793140.04
2024-01-22 16:30:00,40.4,40.42,40.22,40.26,104463790.76
2024-01-22 17:00:00,40.26,40.28,40.14,40.18,158042769.1
2024-01-22 17:30:00,40.2,40.28,40.06,40.1,245564525.56
2024-01-22 18:00:00,40.1,40.1,40.06,40.06,129974292.57
2024-01-23 10:00:00,40.56,40.84,40.28,40.46,860549860.94
2024-01-23 10:30:00,40.46,40.64,40.24,40.28,356042818.49
2024-01-23 11:00:00,40.26,40.3,39.96,40.02,363768587.1
2024-01-23 11:30:00,40.0,40.02,39.38,39.44,379114875.0
2024-01-23 12:00:00,39.44,39.44,39.14,39.24,313339123.05
2024-01-23 12:30:00,39.24,39.34,39.18,39.22,158295424.44
2024-01-23 13:00:00,39.22,39.24,39.04,39.12,139327717.03
2024-01-23 13:30:00,39.12,39.16,38.92,38.98,214516200.23
2024-01-23 14:00:00,38.98,39.0,38.64,38.76,272675933.89
2024-01-23 14:30:00,38.76,39.1,38.72,38.88,273865131.31
2024-01-23 15:00:00,38.86,39.04,38.86,38.94,129261466.12
2024-01-23 15:30:00,38.96,38.96,38.66,38.7,165670421.53
2024-01-23 16:00:00,38.7,38.76,38.54,38.54,162101941.27
2024-01-23 16:30:00,38.52,38.56,38.04,38.2,324525156.3
2024-01-23 17:00:00,38.22,38.28,37.86,37.94,406667701.02
2024-01-23 17:30:00,37.94,38.14,37.8,38.02,583371281.05
2024-01-23 18:00:00,38.02,38.16,38.02,38.16,187593976.6
2024-01-24 10:00:00,38.4,38.86,38.02,38.66,712798729.4
2024-01-24 10:30:00,38.66,38.76,38.5,38.62,340059803.93
2024-01-24 11:00:00,38.6,39.08,38.56,38.92,375982004.49
2024-01-24 11:30:00,38.9,39.06,38.86,38.92,134963066.0
2024-01-24 12:00:00,38.94,39.08,38.9,39.06,79641882.53
2024-01-24 12:30:00,39.06,39.6,39.02,39.46,414847234.39
2024-01-24 13:00:00,39.46,39.66,39.4,39.6,203873648.29
2024-01-24 13:30:00,39.62,39.68,39.5,39.66,150649338.26
2024-01-24 14:00:00,39.66,39.74,39.54,39.6,208620740.92
2024-01-24 14:30:00,39.6,39.64,39.52,39.64,157065327.04
2024-01-24 15:00:00,39.64,39.9,39.6,39.88,237791390.17
2024-01-24 15:30:00,39.88,40.56,39.84,40.48,554433693.85
2024-01-24 16:00:00,40.5,40.88,40.38,40.72,504904137.32
2024-01-24 16:30:00,40.72,40.72,40.36,40.5,294282906.21
2024-01-24 17:00:00,40.5,40.6,40.12,40.46,334590140.75
2024-01-24 17:30:00,40.44,40.48,40.1,40.32,220118388.04
2024-01-24 18:00:00,40.3,40.4,40.3,40.4,99057267.92
2024-01-25 10:00:00,40.62,41.04,40.34,40.7,507593007.29
2024-01-25 10:30:00,40.68,40.86,40.46,40.64,330126211.83
2024-01-25 11:00:00,40.64,40.68,40.52,40.6,118661179.19
2024-01-25 11:30:00,40.6,40.88,40.54,40.74,266415942.81
2024-01-25 12:00:00,40.72,40.9,40.66,40.72,123847558.38
2024-01-25 12:30:00,40.7,40.84,40.68,40.78,68304486.31
2024-01-25 13:00:00,40.76,40.96,40.74,40.8,151606825.89
2024-01-25 13:30:00,40.8,41.04,40.8,40.96,200587963.61
2024-01-25 14:00:00,40.96,41.4,40.48,40.52,1036112981.87
2024-01-25 14:30:00,40.5,40.76,40.24,40.24,287772911.8
2024-01-25 15:00:00,40.24,40.26,39.8,40.1,484141865.22
2024-01-25 15:30:00,40.1,40.38,40.02,40.06,165372058.18
2024-01-25 16:00:00,40.08,40.12,39.94,40.02,104276434.93
2024-01-25 16:30:00,40.02,40.3,39.96,40.02,165927245.11
2024-01-25 17:00:00,40.02,40.22,39.92,40.16,145368942.43
2024-01-25 17:30:00,40.16,40.56,40.1,40.26,345048283.15
2024-01-25 18:00:00,40.34,40.34,40.34,40.34,78728875.22
2024-01-26 10:00:00,40.44,40.66,40.36,40.48,356687638.3
2024-01-26 10:30:00,40.48,40.5,39.92,39.98,325509099.08
2024-01-26 11:00:00,39.96,40.26,39.94,40.08,276134524.33
2024-01-26 11:30:00,40.08,40.24,40.04,40.14,124830057.94
2024-01-26 12:00:00,40.14,40.16,40.0,40.08,197451136.22
2024-01-26 12:30:00,40.08,40.14,40.02,40.06,129009293.13
2024-01-26 13:00:00,40.08,40.14,40.04,40.08,82213878.68
2024-01-26 13:30:00,40.08,40.1,40.0,40.08,103121610.65
2024-01-26 14:00:00,40.08,40.3,40.06,40.26,211759676.02
2024-01-26 14:30:00,40.26,40.48,40.22,40.44,265111594.67
2024-01-26 15:00:00,40.44,40.74,40.36,40.46,430220192.72
2024-01-26 15:30:00,40.48,40.58,40.4,40.44,132866761.47
2024-01-26 16:00:00,40.46,40.7,40.42,40.5,292742205.81
2024-01-26 16:30:00,40.52,40.6,40.42,40.44,231514309.36
2024-01-26 17:00:00,40.44,40.46,40.2,40.36,213605752.06
2024-01-26 17:30:00,40.36,40.42,40.26,40.32,290117657.77
2024-01-26 18:00:00,40.32,40.32,40.32,40.32,183767189.76
2024-01-29 10:00:00,40.44,40.54,40.04,40.12,475840428.37
2024-01-29 10:30:00,40.12,40.42,40.08,40.26,260427686.56
2024-01-29 11:00:00,40.26,40.36,40.22,40.22,186280228.82
2024-01-29 11:30:00,40.22,40.24,40.08,40.14,185511130.06
2024-01-29 12:00:00,40.12,40.18,40.08,40.14,67281201.87
2024-01-29 12:30:00,40.14,40.16,40.08,40.08,60178934.15
2024-01-29 13:00:00,40.1,40.12,39.96,39.98,135622897.85
2024-01-29 13:30:00,39.98,40.02,39.94,39.98,59309676.64
2024-01-29 14:00:00,39.96,40.04,39.96,40.0,40228994.01
2024-01-29 14:30:00,39.98,40.02,39.92,39.96,90607547.36
2024-01-29 15:00:00,39.96,39.98,39.86,39.96,93404513.88
2024-01-29 15:30:00,39.96,39.98,39.78,39.78,101257766.64
2024-01-29 16:00:00,39.78,39.82,39.62,39.74,185212506.42
2024-01-29 16:30:00,39.76,39.82,39.62,39.74,162031180.4
2024-01-29 17:00:00,39.74,39.74,39.6,39.68,139624879.74
2024-01-29 17:30:00,39.68,39.72,39.48,39.66,390727823.31
2024-01-29 18:00:00,39.66,39.66,39.66,39.66,185012313.6
2024-01-30 10:00:00,39.86,40.18,39.86,40.0,619131171.56
2024-01-30 10:30:00,40.0,40.02,39.7,39.74,225621309.19
2024-01-30 11:00:00,39.74,39.88,39.72,39.76,142553019.37
2024-01-30 11:30:00,39.78,39.86,39.74,39.8,89790474.39
2024-01-30 12:00:00,39.8,39.9,39.78,39.86,63372952.79
2024-01-30 12:30:00,39.86,39.98,39.84,39.92,83305495.64
2024-01-30 13:00:00,39.92,40.04,39.86,39.9,93628451.34
2024-01-30 13:30:00,39.9,39.92,39.84,39.86,67757371.03
2024-01-30 14:00:00,39.86,39.96,39.84,39.88,77377347.07
2024-01-30 14:30:00,39.88,39.94,39.86,39.88,37874734.92
2024-01-30 15:00:00,39.88,40.1,39.88,40.08,255251913.19
2024-01-30 15:30:00,40.08,40.18,40.0,40.16,281822777.96
2024-01-30 16:00:00,40.16,40.18,39.94,39.98,230261358.48
2024-01-30 16:30:00,39.96,40.02,39.82,39.96,154441241.08
2024-01-30 17:00:00,39.96,39.98,39.78,39.82,181789529.6
2024-01-30 17:30:00,39.82,39.84,39.5,39.68,340607856.8
2024-01-30 18:00:00,39.66,39.66,39.66,39.66,163041863.4
2024-01-31 10:00:00,39.74,39.8,39.6,39.66,347458616.15
2024-01-31 10:30:00,39.64,39.66,39.28,39.34,206500097.72
2024-01-31 11:00:00,39.34,39.44,39.26,39.38,105936271.51
2024-01-31 11:30:00,39.36,39.44,39.32,39.4,68989840.64
2024-01-31 12:00:00,39.38,39.48,39.36,39.4,65547372.14
2024-01-31 12:30:00,39.4,39.52,39.36,39.5,140599038.92
2024-01-31 13:00:00,39.5,39.52,39.42,39.46,54390244.64
2024-01-31 13:30:00,39.46,39.6,39.44,39.56,125947684.78
2024-01-31 14:00:00,39.56,39.74,39.52,39.72,158676260.49
2024-01-31 14:30:00,39.72,39.74,39.54,39.6,154991381.64
2024-01-31 15:00:00,39.6,39.62,39.44,39.46,81056617.88
2024-01-31 15:30:00,39.46,39.52,39.38,39.52,89893258.08
2024-01-31 16:00:00,39.52,39.74,39.5,39.54,183192625.97
2024-01-31 16:30:00,39.56,40.16,39.42,40.1,629678616.9
2024-01-31 17:00:00,40.1,40.18,39.78,39.9,467768312.27
2024-01-31 17:30:00,39.92,39.96,39.62,39.64,238118192.19
2024-01-31 18:00:00,39.64,39.64,39.54,39.54,259513709.14
2024-02-01 10:00:00,39.66,40.06,39.62,39.98,453744875.75
2024-02-01 10:30:00,39.98,40.02,39.86,39.98,231601917.35
2024-02-01 11:00:00,40.0,40.18,39.98,40.08,409706339.56
2024-02-01 11:30:00,40.1,40.2,40.02,40.16,165219520.62
2024-02-01 12:00:00,40.16,40.18,40.06,40.12,130805713.14
2024-02-01 12:30:00,40.14,40.34,40.1,40.26,305576105.25
2024-02-01 13:00:00,40.24,40.62,40.24,40.46,474038385.69
2024-02-01 13:30:00,40.48,40.5,40.26,40.3,168740822.22
2024-02-01 14:00:00,40.3,40.44,40.22,40.38,116348255.63
2024-02-01 14:30:00,40.38,40.4,40.2,40.3,132376858.03
2024-02-01 15:00:00,40.3,40.48,40.2,40.34,300428740.45
2024-02-01 15:30:00,40.34,40.36,40.18,40.2,120769572.53
2024-02-01 16:00:00,40.2,40.36,40.16,40.26,96042576.83
2024-02-01 16:30:00,40.26,40.36,40.1,40.18,156061912.09
2024-02-01 17:00:00,40.18,40.3,40.06,40.14,283233679.83
2024-02-01 17:30:00,40.12,40.16,39.92,39.98,288065689.88
2024-02-01 18:00:00,40.08,40.08,40.08,40.08,140469097.44
2024-02-02 10:00:00,40.02,40.26,39.92,40.06,743744549.78
2024-02-02 10:30:00,40.08,40.42,40.06,40.38,583541998.05
2024-02-02 11:00:00,40.38,40.48,40.3,40.3,450785473.62
2024-02-02 11:30:00,40.3,40.32,39.98,40.08,314280880.02
2024-02-02 12:00:00,40.1,40.2,40.0,40.04,165720034.01
2024-02-02 12:30:00,40.04,40.1,40.02,40.04,65316835.64
2024-02-02 13:00:00,40.06,40.1,39.98,40.06,163943067.1
2024-02-02 13:30:00,40.06,40.14,40.02,40.06,65446068.99
2024-02-02 14:00:00,40.06,40.18,40.04,40.14,123314743.36
2024-02-02 14:30:00,40.14,40.18,40.02,40.08,135490674.37
2024-02-02 15:00:00,40.1,40.14,39.98,40.0,160783756.79
2024-02-02 15:30:00,40.0,40.04,39.64,39.76,321185699.54
2024-02-02 16:00:00,39.76,39.8,39.58,39.6,175362816.6
2024-02-02 16:30:00,39.6,39.6,39.1,39.12,312904573.82
2024-02-02 17:00:00,39.12,39.44,39.04,39.18,343171911.28
2024-02-02 17:30:00,39.18,39.36,39.08,39.3,353580906.42
2024-02-02 18:00:00,39.3,39.3,39.26,39.26,148428590.91
2024-02-05 10:00:00,40.02,40.16,39.72,39.9,615560327.62
2024-02-05 10:30:00,39.9,40.14,39.82,40.1,294566330.37
2024-02-05 11:00:00,40.1,40.46,40.08,40.38,799947916.76
2024-02-05 11:30:00,40.4,40.42,40.14,40.3,271401954.85
2024-02-05 12:00:00,40.32,40.46,40.24,40.3,285410791.44
2024-02-05 12:30:00,40.32,40.48,40.28,40.38,273562427.11
2024-02-05 13:00:00,40.36,40.42,40.3,40.32,109604681.18
2024-02-05 13:30:00,40.32,40.4,40.3,40.34,100831621.08
2024-02-05 14:00:00,40.32,40.36,40.3,40.34,84494534.49
2024-02-05 14:30:00,40.32,40.4,40.2,40.34,208681247.08
2024-02-05 15:00:00,40.34,40.34,40.28,40.34,74902414.25
2024-02-05 15:30:00,40.32,40.46,40.3,40.4,164950659.42
2024-02-05 16:00:00,40.4,40.4,40.26,40.36,137311013.52
2024-02-05 16:30:00,40.36,40.4,40.14,40.18,241032245.67
2024-02-05 17:00:00,40.2,40.32,40.16,40.24,141775008.25
2024-02-05 17:30:00,40.24,40.36,40.2,40.26,280468522.59
2024-02-05 18:00:00,40.22,40.22,40.22,40.22,182359169.24
2024-02-06 10:00:00,40.42,40.94,40.34,40.8,940921580.64
2024-02-06 10:30:00,40.82,40.92,40.4,40.52,435531409.02
2024-02-06 11:00:00,40.54,40.76,40.5,40.68,214655547.24
2024-02-06 11:30:00,40.68,40.68,40.26,40.28,188442073.94
2024-02-06 12:00:00,40.26,40.32,40.16,40.26,230622792.4
2024-02-06 12:30:00,40.26,40.34,40.22,40.3,82573778.29
2024-02-06 13:00:00,40.32,40.48,40.26,40.46,136096801.44
2024-02-06 13:30:00,40.46,40.52,40.4,40.46,81685414.14
2024-02-06 14:00:00,40.44,40.52,40.28,40.38,159704437.02
2024-02-06 14:30:00,40.36,40.6,40.28,40.52,142604469.13
2024-02-06 15:00:00,40.5,40.6,40.42,40.54,112649483.43
2024-02-06 15:30:00,40.54,40.82,40.52,40.7,282162291.23
2024-02-06 16:00:00,40.7,40.92,40.68,40.76,297288755.82
2024-02-06 16:30:00,40.74,40.92,40.72,40.9,292225101.13
2024-02-06 17:00:00,40.9,41.12,40.88,40.9,351754869.06
2024-02-06 17:30:00,40.9,41.04,40.8,40.92,320480386.8
2024-02-06 18:00:00,40.96,41.04,40.96,41.04,128654765.55
2024-02-07 10:00:00,41.2,41.22,40.84,41.06,418973873.94
2024-02-07 10:30:00,41.08,41.26,40.98,41.0,243149930.05
2024-02-07 11:00:00,41.0,41.24,40.94,41.12,245744642.96
2024-02-07 11:30:00,41.12,41.14,41.0,41.06,77747845.63
2024-02-07 12:00:00,41.06,41.2,41.04,41.14,97969840.6
2024-02-07 12:30:00,41.16,41.62,41.1,41.52,410320306.49
2024-02-07 13:00:00,41.52,41.54,41.18,41.22,186849965.64
2024-02-07 13:30:00,41.24,41.26,40.92,40.96,181822276.83
2024-02-07 14:00:00,40.94,40.94,40.5,40.58,347650517.9
2024-02-07 14:30:00,40.58,40.68,40.56,40.6,89525532.33
2024-02-07 15:00:00,40.62,40.68,40.46,40.52,189968266.61
2024-02-07 15:30:00,40.52,40.6,40.32,40.56,198338781.06
2024-02-07 16:00:00,40.56,40.58,40.38,40.44,83436482.97
2024-02-07 16:30:00,40.44,40.52,40.32,40.52,70849105.0
2024-02-07 17:00:00,40.5,40.54,40.4,40.44,92643951.23
2024-02-07 17:30:00,40.44,40.54,40.36,40.42,199106736.4
2024-02-07 18:00:00,40.44,40.44,40.44,40.44,107824322.76
2024-02-08 10:00:00,40.5,40.68,40.44,40.56,364536465.63
2024-02-08 10:30:00,40.56,40.86,40.52,40.56,338153198.07
2024-02-08 11:00:00,40.56,40.82,40.52,40.68,136611819.3
2024-02-08 11:30:00,40.7,40.78,40.52,40.62,81878380.05
2024-02-08 12:00:00,40.6,40.74,40.58,40.66,46417480.44
2024-02-08 12:30:00,40.7,40.72,40.62,40.66,34944108.79
2024-02-08 13:00:00,40.66,40.66,40.48,40.5,63638056.3
2024-02-08 13:30:00,40.52,40.58,40.48,40.5,36225729.17
2024-02-08 14:00:00,40.5,40.62,40.48,40.6,40224377.19
2024-02-08 14:30:00,40.6,40.68,40.56,40.64,39990112.75
2024-02-08 15:00:00,40.64,40.8,40.6,40.72,156255342.73
2024-02-08 15:30:00,40.72,40.82,40.62,40.72,114595045.8
2024-02-08 16:00:00,40.72,40.76,40.62,40.66,74438613.13
2024-02-08 16:30:00,40.66,40.68,40.5,40.5,86749104.18
2024-02-08 17:00:00,40.52,40.56,40.44,40.5,89866746.5
2024-02-08 17:30:00,40.52,40.66,40.3,40.34,250155203.4
2024-02-08 18:00:00,40.38,40.38,40.38,40.38,88849244.64
2024-02-09 10:00:00,40.46,40.58,40.2,40.22,277545942.31
2024-02-09 10:30:00,40.22,40.28,40.08,40.1,178347256.63
2024-02-09 11:00:00,40.08,40.1,39.86,39.96,248835744.64
2024-02-09 11:30:00,39.98,39.98,39.82,39.9,87831903.16
2024-02-09 12:00:00,39.9,40.06,39.88,40.0,92918969.86
2024-02-09 12:30:00,40.0,40.06,39.94,39.96,28603998.23
2024-02-09 13:00:00,39.98,40.08,39.96,40.02,66712842.09
2024-02-09 13:30:00,40.02,40.1,40.02,40.08,49629853.65
2024-02-09 14:00:00,40.08,40.16,40.0,40.06,77389820.79
2024-02-09 14:30:00,40.06,40.34,40.02,40.26,215962066.56
2024-02-09 15:00:00,40.26,40.68,40.26,40.4,671219604.18
2024-02-09 15:30:00,40.42,40.7,40.38,40.44,332656409.19
2024-02-09 16:00:00,40.44,40.48,40.2,40.32,122854049.81
2024-02-09 16:30:00,40.32,40.38,40.2,40.24,87722759.24
2024-02-09 17:00:00,40.24,40.3,40.06,40.24,165081456.87
2024-02-09 17:30:00,40.26,40.3,40.12,40.22,185574335.02
2024-02-09 18:00:00,40.26,40.26,40.26,40.26,134359013.58
2024-02-12 10:00:00,40.9,40.9,40.5,40.56,447213082.6
2024-02-12 10:30:00,40.56,40.9,40.5,40.84,350107309.11
2024-02-12 11:00:00,40.84,40.92,40.56,40.58,221967456.06
2024-02-12 11:30:00,40.58,40.68,40.52,40.62,135128381.53
2024-02-12 12:00:00,40.62,40.7,40.52,40.66,87775168.9
2024-02-12 12:30:00,40.64,40.66,40.56,40.6,53470137.93
2024-02-12 13:00:00,40.6,40.68,40.56,40.62,81253405.65
2024-02-12 13:30:00,40.62,41.0,40.6,40.82,402656740.26
2024-02-12 14:00:00,40.82,40.84,40.66,40.74,193041419.59
2024-02-12 14:30:00,40.72,40.76,40.64,40.66,99732634.2
2024-02-12 15:00:00,40.64,40.82,40.6,40.74,119881695.08
2024-02-12 15:30:00,40.74,40.76,40.6,40.64,93661048.48
2024-02-12 16:00:00,40.62,40.62,40.34,40.5,187772640.44
2024-02-12 16:30:00,40.48,40.56,40.38,40.5,105025078.63
2024-02-12 17:00:00,40.5,40.58,40.36,40.5,95352179.86
2024-02-12 17:30:00,40.5,41.2,40.48,41.16,868109641.41
2024-02-12 18:00:00,41.16,41.16,41.16,41.16,117090115.8
2024-02-13 10:00:00,41.46,41.5,41.16,41.2,593906380.16
2024-02-13 10:30:00,41.2,41.46,41.06,41.12,437243786.92
2024-02-13 11:00:00,41.14,41.42,41.04,41.4,262637425.86
2024-02-13 11:30:00,41.42,41.86,41.4,41.62,712674741.9
2024-02-13 12:00:00,41.64,41.7,41.5,41.56,133500563.12
2024-02-13 12:30:00,41.54,41.7,41.54,41.62,106881969.54
2024-02-13 13:00:00,41.6,41.66,41.46,41.6,120048992.72
2024-02-13 13:30:00,41.6,41.9,41.52,41.54,456189142.07
2024-02-13 14:00:00,41.58,41.6,41.24,41.46,314463020.57
2024-02-13 14:30:00,41.46,41.54,41.32,41.5,133217229.23
2024-02-13 15:00:00,41.5,41.56,41.32,41.4,143146695.63
2024-02-13 15:30:00,41.42,41.6,41.38,41.44,128543149.1
2024-02-13 16:00:00,41.46,41.66,41.4,41.64,124186716.44
2024-02-13 16:30:00,41.66,41.78,41.36,41.42,347727852.42
2024-02-13 17:00:00,41.4,41.44,41.04,41.06,262700471.74
2024-02-13 17:30:00,41.06,41.26,40.5,40.54,430823750.1
2024-02-13 18:00:00,40.52,40.52,40.52,40.52,96934496.76
2024-02-14 10:00:00,40.6,40.64,40.3,40.4,405917790.94
2024-02-14 10:30:00,40.4,40.54,40.24,40.3,171900285.1
2024-02-14 11:00:00,40.3,40.34,40.0,40.16,172096566.44
2024-02-14 11:30:00,40.16,40.22,40.08,40.2,88255499.86
2024-02-14 12:00:00,40.22,40.36,40.18,40.28,70514869.2
2024-02-14 12:30:00,40.28,40.54,40.26,40.52,141074292.83
2024-02-14 13:00:00,40.54,40.62,40.36,40.4,154583213.88
2024-02-14 13:30:00,40.42,40.5,40.3,40.32,92624367.74
2024-02-14 14:00:00,40.32,40.32,40.06,40.1,114668788.47
2024-02-14 14:30:00,40.08,40.28,40.08,40.18,77547195.67
2024-02-14 15:00:00,40.2,40.3,40.12,40.28,64779959.53
2024-02-14 15:30:00,40.28,40.38,40.16,40.36,110534381.65
2024-02-14 16:00:00,40.36,40.74,40.24,40.46,255162859.65
2024-02-14 16:30:00,40.46,40.64,40.34,40.38,187079429.95
2024-02-14 17:00:00,40.38,40.78,40.28,40.62,254449105.64
2024-02-14 17:30:00,40.62,41.08,40.54,40.82,507739032.87
2024-02-14 18:00:00,41.0,41.0,41.0,41.0,89279427.0
2024-02-15 10:00:00,41.2,41.24,40.96,41.02,268874000.37
2024-02-15 10:30:00,41.04,41.32,41.0,41.14,248555538.11
2024-02-15 11:00:00,41.14,41.24,41.06,41.12,171231049.18
2024-02-15 11:30:00,41.14,41.26,41.08,41.18,146324972.27
2024-02-15 12:00:00,41.2,41.2,41.1,41.18,72257064.85
2024-02-15 12:30:00,41.16,41.24,41.1,41.18,85930058.44
2024-02-15 13:00:00,41.16,41.34,41.16,41.32,170498139.25
2024-02-15 13:30:00,41.32,41.38,41.22,41.24,135572603.26
2024-02-15 14:00:00,41.26,41.48,41.22,41.46,174247258.78
2024-02-15 14:30:00,41.46,41.58,41.4,41.48,222420317.63
2024-02-15 15:00:00,41.48,41.78,41.44,41.68,366043699.36
2024-02-15 15:30:00,41.68,41.82,41.58,41.64,209950035.82
2024-02-15 16:00:00,41.62,41.96,41.62,41.96,306953063.43
2024-02-15 16:30:00,41.96,42.26,41.78,42.24,412816528.13
2024-02-15 17:00:00,42.26,42.56,41.98,42.14,465959178.79
2024-02-15 17:30:00,42.14,42.28,41.92,41.98,289989896.91
2024-02-15 18:00:00,41.86,41.86,41.86,41.86,110535181.12
2024-02-16 10:00:00,42.02,42.12,41.7,41.92,412653446.32
2024-02-16 10:30:00,41.92,42.1,41.64,41.76,230062589.33
2024-02-16 11:00:00,41.78,41.94,41.46,41.52,245348908.38
2024-02-16 11:30:00,41.5,41.76,41.48,41.66,126752660.12
2024-02-16 12:00:00,41.66,41.76,41.62,41.72,63345182.4
2024-02-16 12:30:00,41.72,41.86,41.66,41.86,103422018.23
2024-02-16 13:00:00,41.84,41.88,41.76,41.8,89600750.23
2024-02-16 13:30:00,41.8,41.92,41.6,41.86,145530899.37
2024-02-16 14:00:00,41.84,41.96,41.64,41.7,158552514.29
2024-02-16 14:30:00,41.72,41.78,41.56,41.58,89200009.47
2024-02-16 15:00:00,41.58,41.66,41.46,41.6,125043525.38
2024-02-16 15:30:00,41.6,41.62,41.34,41.46,206043647.75
2024-02-16 16:00:00,41.46,41.7,41.42,41.66,169062489.32
2024-02-16 16:30:00,41.66,41.68,41.42,41.52,122702873.81
2024-02-16 17:00:00,41.5,41.7,41.5,41.56,190067115.54
2024-02-16 17:30:00,41.56,41.62,41.36,41.42,240377896.14
2024-02-16 18:00:00,41.48,41.48,41.48,41.48,108269519.76
2024-02-19 10:00:00,41.76,42.18,41.7,42.08,618945839.71
2024-02-19 10:30:00,42.08,42.62,42.04,42.6,596453152.58
2024-02-19 11:00:00,42.6,43.3,42.6,42.94,1133452599.99
2024-02-19 11:30:00,42.96,43.08,42.82,43.02,333336929.86
2024-02-19 12:00:00,43.02,43.26,43.02,43.18,288755623.76
2024-02-19 12:30:00,43.18,43.36,43.12,43.26,204294017.04
2024-02-19 13:00:00,43.24,43.34,43.1,43.12,162979500.71
2024-02-19 13:30:00,43.12,43.2,42.98,43.02,107446664.9
2024-02-19 14:00:00,43.02,43.14,42.94,43.08,104625316.98
2024-02-19 14:30:00,43.06,43.1,42.72,42.82,187294745.22
2024-02-19 15:00:00,42.82,42.86,42.64,42.66,175811523.47
2024-02-19 15:30:00,42.66,42.76,42.54,42.62,87168786.03
2024-02-19 16:00:00,42.62,42.66,42.34,42.34,143553246.34
2024-02-19 16:30:00,42.34,42.48,42.16,42.38,218813034.39
2024-02-19 17:00:00,42.38,42.42,41.82,42.02,379191513.85
2024-02-19 17:30:00,42.02,42.12,41.42,41.46,480451086.66
2024-02-19 18:00:00,41.54,41.54,41.54,41.54,123442839.48
2024-02-20 10:00:00,41.76,42.48,41.76,42.14,693943986.21
2024-02-20 10:30:00,42.14,42.2,41.72,41.8,206531481.73
2024-02-20 11:00:00,41.8,42.06,41.74,42.0,213584095.27
2024-02-20 11:30:00,41.98,42.14,41.92,41.98,176207561.93
2024-02-20 12:00:00,41.98,42.1,41.88,41.96,107920397.03
2024-02-20 12:30:00,41.96,42.36,41.96,42.32,216457097.26
2024-02-20 13:00:00,42.32,42.5,42.22,42.38,247391988.26
2024-02-20 13:30:00,42.38,42.58,42.3,42.52,260030598.6
2024-02-20 14:00:00,42.54,42.74,42.46,42.6,256356508.68
2024-02-20 14:30:00,42.6,43.08,42.5,43.02,523381548.4
2024-02-20 15:00:00,43.04,43.32,43.04,43.28,727652775.43
2024-02-20 15:30:00,43.26,43.48,43.18,43.4,582910009.08
2024-02-20 16:00:00,43.4,43.58,43.32,43.42,351514947.5
2024-02-20 16:30:00,43.42,43.48,43.24,43.34,224483675.91
2024-02-20 17:00:00,43.34,43.46,42.9,43.14,497269863.62
2024-02-20 17:30:00,43.14,43.34,43.08,43.14,377402111.15
2024-02-20 18:00:00,43.1,43.1,43.1,43.1,93277321.7
2024-02-21 10:00:00,43.22,44.14,42.88,43.9,1293791716.8
2024-02-21 10:30:00,43.92,44.5,43.84,44.0,870564707.75
2024-02-21 11:00:00,44.0,44.18,43.92,44.02,295378460.46
2024-02-21 11:30:00,44.02,44.12,43.88,43.9,191266355.4
2024-02-21 12:00:00,43.9,44.1,43.84,44.04,135377518.87
2024-02-21 12:30:00,44.04,44.04,43.8,43.86,103003070.35
2024-02-21 13:00:00,43.86,43.94,43.5,43.78,196975379.45
2024-02-21 13:30:00,43.78,43.94,43.72,43.92,119998623.55
2024-02-21 14:00:00,43.92,44.0,43.76,43.84,120756541.57
2024-02-21 14:30:00,43.82,43.82,43.5,43.6,183397704.0
2024-02-21 15:00:00,43.6,43.96,43.52,43.9,253323731.45
2024-02-21 15:30:00,43.92,43.94,43.44,43.5,197069987.44
2024-02-21 16:00:00,43.48,43.62,43.24,43.36,237382774.43
2024-02-21 16:30:00,43.36,43.46,43.08,43.4,258501590.81
2024-02-21 17:00:00,43.4,43.52,42.94,43.24,441923447.74
2024-02-21 17:30:00,43.24,43.66,43.22,43.5,482539884.31
2024-02-21 18:00:00,43.48,43.5,43.48,43.5,108661191.52
2024-02-22 10:00:00,43.8,44.36,43.66,44.28,570600742.75
2024-02-22 10:30:00,44.3,44.32,44.0,44.04,185191978.86
2024-02-22 11:00:00,44.04,44.08,43.3,43.66,492580040.7
2024-02-22 11:30:00,43.66,43.76,43.62,43.7,107925448.99
2024-02-22 12:00:00,43.7,43.76,43.48,43.76,215921146.13
2024-02-22 12:30:00,43.74,43.76,43.56,43.64,119991789.28
2024-02-22 13:00:00,43.64,43.74,43.34,43.44,213088930.73
2024-02-22 13:30:00,43.44,43.54,43.22,43.38,200034252.41
2024-02-22 14:00:00,43.38,43.62,42.8,43.1,690692347.08
2024-02-22 14:30:00,43.08,43.12,42.52,42.56,429877155.69
2024-02-22 15:00:00,42.54,42.7,42.16,42.24,455773595.83
2024-02-22 15:30:00,42.24,42.38,42.06,42.24,480583910.17
2024-02-22 16:00:00,42.24,42.36,42.14,42.24,304705355.83
2024-02-22 16:30:00,42.24,42.32,41.96,42.14,317184247.93
2024-02-22 17:00:00,42.14,42.32,41.82,42.32,405376375.03
2024-02-22 17:30:00,42.32,42.4,42.0,42.2,456403005.25
2024-02-22 18:00:00,42.34,42.34,42.34,42.34,123253306.58
2024-02-23 10:00:00,42.34,42.44,42.04,42.18,318557762.36
2024-02-23 10:30:00,42.18,42.28,41.98,42.06,181623458.49
2024-02-23 11:00:00,42.06,42.22,41.9,42.0,159961723.39
2024-02-23 11:30:00,42.0,42.64,41.98,42.42,296647741.53
2024-02-23 12:00:00,42.44,42.86,42.42,42.82,382912345.31
2024-02-23 12:30:00,42.82,42.84,42.62,42.74,228499099.28
2024-02-23 13:00:00,42.74,43.02,42.72,42.94,214390993.74
2024-02-23 13:30:00,42.94,43.04,42.82,42.9,166857777.49
2024-02-23 14:00:00,42.9,43.08,42.78,42.82,218282518.48
2024-02-23 14:30:00,42.8,42.82,42.42,42.64,271614645.65
2024-02-23 15:00:00,42.64,42.74,42.38,42.42,162696993.7
2024-02-23 15:30:00,42.44,42.44,42.08,42.2,210375986.96
2024-02-23 16:00:00,42.2,42.5,42.06,42.4,163512635.35
2024-02-23 16:30:00,42.42,42.46,42.22,42.34,105749969.65
2024-02-23 17:00:00,42.34,42.6,42.22,42.5,157409898.84
2024-02-23 17:30:00,42.5,42.72,42.2,42.68,426536927.49
2024-02-23 18:00:00,42.68,42.9,42.68,42.9,122364628.18
2024-02-26 10:00:00,42.94,43.02,42.44,42.8,503678591.71
2024-02-26 10:30:00,42.8,42.8,41.98,42.02,371476316.55
2024-02-26 11:00:00,42.02,42.04,41.76,41.88,361801559.35
2024-02-26 11:30:00,41.9,41.98,41.86,41.96,119155316.51
2024-02-26 12:00:00,41.96,41.98,41.66,41.74,149616065.28
2024-02-26 12:30:00,41.74,41.78,41.52,41.76,181692804.95
2024-02-26 13:00:00,41.76,41.78,41.62,41.66,70982903.7
2024-02-26 13:30:00,41.66,41.82,41.58,41.7,122323248.13
2024-02-26 14:00:00,41.7,41.96,41.68,41.84,140550098.88
2024-02-26 14:30:00,41.82,41.92,41.8,41.88,48239721.77
2024-02-26 15:00:00,41.88,41.9,41.72,41.86,99861798.28
2024-02-26 15:30:00,41.84,41.9,41.8,41.86,54951837.93
2024-02-26 16:00:00,41.86,41.96,41.84,41.88,114373026.8
2024-02-26 16:30:00,41.88,42.0,41.84,41.88,126235928.49
2024-02-26 17:00:00,41.9,41.92,41.54,41.64,201757230.02
2024-02-26 17:30:00,41.62,42.04,41.56,41.84,408344793.62
2024-02-26 18:00:00,41.66,41.66,41.66,41.66,112864688.76
2024-02-27 10:00:00,41.84,42.06,41.64,42.0,531887696.22
2024-02-27 10:30:00,42.0,42.04,41.8,41.84,139078875.52
2024-02-27 11:00:00,41.86,42.08,41.76,41.84,147386943.68
2024-02-27 11:30:00,41.84,42.12,41.4,41.92,372751685.68
2024-02-27 12:00:00,41.92,42.18,41.8,42.14,392309791.51
2024-02-27 12:30:00,42.16,42.3,42.08,42.2,331588174.61
2024-02-27 13:00:00,42.2,42.24,42.08,42.14,82732648.61
2024-02-27 13:30:00,42.12,42.3,42.12,42.24,137009685.76
2024-02-27 14:00:00,42.22,42.4,42.2,42.38,216522685.04
2024-02-27 14:30:00,42.38,42.4,42.2,42.24,118459400.88
2024-02-27 15:00:00,42.22,42.4,42.22,42.32,134118353.34
2024-02-27 15:30:00,42.32,42.36,42.18,42.3,149743953.92
2024-02-27 16:00:00,42.3,42.4,42.24,42.26,121569008.08
2024-02-27 16:30:00,42.26,42.36,41.96,42.0,248015818.7
2024-02-27 17:00:00,42.0,42.22,41.78,42.0,320127723.38
2024-02-27 17:30:00,42.0,42.1,41.44,41.72,409727543.38
2024-02-27 18:00:00,41.6,41.6,41.6,41.6,135979500.8
2024-02-28 10:00:00,41.6,41.66,41.28,41.34,313898008.08
2024-02-28 10:30:00,41.34,41.54,41.26,41.42,184779136.07
2024-02-28 11:00:00,41.42,41.44,41.22,41.24,116685181.68
2024-02-28 11:30:00,41.26,41.38,41.22,41.3,112314167.08
2024-02-28 12:00:00,41.3,41.34,41.16,41.24,122168983.14
2024-02-28 12:30:00,41.24,41.34,41.14,41.26,153082603.59
2024-02-28 13:00:00,41.24,41.3,41.12,41.26,125152255.44
2024-02-28 13:30:00,41.24,41.3,41.16,41.24,97299727.3
2024-02-28 14:00:00,41.24,41.3,41.18,41.24,77039595.53
2024-02-28 14:30:00,41.24,41.24,41.08,41.1,104561329.11
2024-02-28 15:00:00,41.12,41.12,40.8,40.94,210865673.07
2024-02-28 15:30:00,40.94,41.0,40.82,40.84,84665174.82
2024-02-28 16:00:00,40.84,40.9,40.66,40.8,213442715.85
2024-02-28 16:30:00,40.8,40.98,40.7,40.92,141260932.69
2024-02-28 17:00:00,40.92,40.96,40.58,40.62,175317614.55
2024-02-28 17:30:00,40.62,40.76,40.3,40.46,356283897.33
2024-02-28 18:00:00,40.46,40.46,40.46,40.46,93205800.38
2024-02-29 10:00:00,40.6,40.84,40.56,40.68,275454796.07
2024-02-29 10:30:00,40.68,41.08,40.52,41.0,298142149.09
2024-02-29 11:00:00,41.0,41.06,40.72,40.92,158928595.14
2024-02-29 11:30:00,40.92,41.28,40.86,41.2,212495283.59
2024-02-29 12:00:00,41.2,41.28,40.88,40.92,150374481.34
2024-02-29 12:30:00,40.94,40.98,40.88,40.96,68771138.25
2024-02-29 13:00:00,40.96,41.08,40.74,41.02,141090921.27
2024-02-29 13:30:00,41.04,41.2,40.84,41.0,163763487.16
2024-02-29 14:00:00,40.98,41.06,40.92,41.02,150852448.79
2024-02-29 14:30:00,41.02,41.44,41.0,41.22,289439843.62
2024-02-29 15:00:00,41.22,41.28,41.0,41.1,144985896.88
2024-02-29 15:30:00,41.1,41.12,40.98,41.06,118413117.31
2024-02-29 16:00:00,41.06,41.2,40.96,41.2,113058808.67
2024-02-29 16:30:00,41.2,41.48,41.2,41.28,213451432.24
2024-02-29 17:00:00,41.28,41.32,40.96,41.26,132465437.5
2024-02-29 17:30:00,41.28,41.74,41.26,41.54,464448019.31
2024-02-29 18:00:00,41.58,41.58,41.58,41.58,361003838.58
2024-03-01 10:00:00,41.58,41.68,41.02,41.16,342185385.67
2024-03-01 10:30:00,41.18,41.26,41.04,41.18,131717219.97
2024-03-01 11:00:00,41.2,41.26,41.0,41.08,149022881.82
2024-03-01 11:30:00,41.06,41.12,40.96,41.06,109998076.99
2024-03-01 12:00:00,41.06,41.18,41.04,41.12,72755779.17
2024-03-01 12:30:00,41.1,41.12,40.84,40.86,109307298.09
2024-03-01 13:00:00,40.86,40.86,40.72,40.74,139245522.42
2024-03-01 13:30:00,40.74,40.74,40.6,40.66,70722309.53
2024-03-01 14:00:00,40.66,40.7,40.52,40.64,124736877.83
2024-03-01 14:30:00,40.62,40.78,40.6,40.68,56279363.41
2024-03-01 15:00:00,40.7,40.74,40.5,40.64,98891061.52
2024-03-01 15:30:00,40.64,40.86,40.62,40.84,112891933.72
2024-03-01 16:00:00,40.86,40.88,40.7,40.74,93034066.03
2024-03-01 16:30:00,40.76,40.76,40.46,40.5,121493261.19
2024-03-01 17:00:00,40.5,40.72,40.48,40.56,206176443.27
2024-03-01 17:30:00,40.52,40.62,40.14,40.26,265643586.5
2024-03-01 18:00:00,40.3,40.3,40.3,40.3,122308444.7
2024-03-04 10:00:00,40.42,40.76,40.2,40.5,501023348.01
2024-03-04 10:30:00,40.5,40.56,40.3,40.46,133160788.41
2024-03-04 11:00:00,40.44,40.48,40.3,40.36,133480170.99
2024-03-04 11:30:00,40.36,40.44,40.3,40.44,34677634.8
2024-03-04 12:00:00,40.44,40.62,40.42,40.48,80551668.24
2024-03-04 12:30:00,40.48,40.58,40.38,40.46,53721729.56
2024-03-04 13:00:00,40.46,40.62,40.4,40.56,88441652.63
2024-03-04 13:30:00,40.56,40.6,40.48,40.54,65501615.36
2024-03-04 14:00:00,40.54,40.56,40.28,40.36,66079188.21
2024-03-04 14:30:00,40.34,40.42,40.22,40.26,46655674.64
2024-03-04 15:00:00,40.24,40.38,40.18,40.22,75409821.29
2024-03-04 15:30:00,40.22,40.24,40.06,40.12,85775369.57
2024-03-04 16:00:00,40.12,40.14,39.62,39.64,138265872.26
2024-03-04 16:30:00,39.66,39.86,39.56,39.7,133192203.0
2024-03-04 17:00:00,39.7,39.88,39.34,39.36,143567270.29
2024-03-04 17:30:00,39.34,39.52,39.18,39.3,297107020.81
2024-03-04 18:00:00,39.02,39.02,39.02,39.02,111950448.06
2024-03-05 10:00:00,39.12,39.4,39.02,39.32,257618959.42
2024-03-05 10:30:00,39.3,39.6,39.16,39.52,190772575.86
2024-03-05 11:00:00,39.52,39.58,39.4,39.48,93723109.67
2024-03-05 11:30:00,39.48,39.68,39.38,39.62,143728172.57
2024-03-05 12:00:00,39.6,39.76,39.6,39.72,94709678.34
2024-03-05 12:30:00,39.7,39.78,39.62,39.7,73413184.46
2024-03-05 13:00:00,39.7,40.06,39.66,39.94,182418308.13
2024-03-05 13:30:00,39.94,40.04,39.82,39.86,73027140.88
2024-03-05 14:00:00,39.84,39.88,39.64,39.66,67685478.3
2024-03-05 14:30:00,39.66,39.76,39.5,39.72,110051795.67
2024-03-05 15:00:00,39.72,40.12,39.62,39.88,144063344.49
2024-03-05 15:30:00,39.88,40.06,39.78,39.82,57567099.38
2024-03-05 16:00:00,39.82,39.88,39.48,39.48,85668575.11
2024-03-05 16:30:00,39.48,39.54,38.96,39.16,407692234.92
2024-03-05 17:00:00,39.16,39.46,39.06,39.36,152128711.07
2024-03-05 17:30:00,39.38,39.38,38.76,38.9,220839541.89
2024-03-05 18:00:00,39.38,39.38,39.38,39.38,129054167.0
2024-03-06 10:00:00,39.26,39.58,38.9,39.52,377720369.21
2024-03-06 10:30:00,39.54,39.58,39.22,39.34,155049429.66
2024-03-06 11:00:00,39.32,39.36,38.92,39.04,191141613.3
2024-03-06 11:30:00,39.02,39.14,38.82,38.92,129698453.68
2024-03-06 12:00:00,38.92,38.98,38.62,38.7,243645865.34
2024-03-06 12:30:00,38.68,38.76,38.48,38.66,100626030.59
2024-03-06 13:00:00,38.66,38.84,38.64,38.7,63049293.65
2024-03-06 13:30:00,38.7,38.84,38.7,38.82,91996523.3
2024-03-06 14:00:00,38.84,38.92,38.72,38.78,73027265.17
2024-03-06 14:30:00,38.78,38.88,38.68,38.84,62832152.93
2024-03-06 15:00:00,38.84,38.86,38.62,38.72,52317022.9
2024-03-06 15:30:00,38.72,38.78,38.62,38.68,45058324.14
2024-03-06 16:00:00,38.68,38.86,38.62,38.78,63988837.64
2024-03-06 16:30:00,38.78,38.78,38.38,38.48,210425492.35
2024-03-06 17:00:00,38.46,38.56,38.0,38.16,292195842.06
2024-03-06 17:30:00,38.16,38.74,38.14,38.66,350910234.71
2024-03-06 18:00:00,38.7,38.7,38.7,38.7,149342487.3
2024-03-07 10:00:00,38.92,39.24,38.9,39.2,309783024.64
2024-03-07 10:30:00,39.2,39.36,39.18,39.26,201220431.94
2024-03-07 11:00:00,39.26,39.48,39.24,39.48,124896383.34
2024-03-07 11:30:00,39.48,39.66,39.46,39.56,132859508.29
2024-03-07 12:00:00,39.58,39.72,39.52,39.7,74970098.3
2024-03-07 12:30:00,39.7,39.84,39.66,39.78,104142682.2
2024-03-07 13:00:00,39.78,39.82,39.68,39.8,53858979.01
2024-03-07 13:30:00,39.8,39.92,39.76,39.9,109758888.76
2024-03-07 14:00:00,39.9,40.46,39.88,40.42,368090292.15
2024-03-07 14:30:00,40.42,41.04,40.38,40.88,391759560.34
2024-03-07 15:00:00,40.88,41.04,40.8,40.84,152657289.17
2024-03-07 15:30:00,40.84,40.9,40.7,40.82,79710401.11
2024-03-07 16:00:00,40.82,40.84,40.64,40.66,56593900.89
2024-03-07 16:30:00,40.64,40.78,40.6,40.62,74607801.64
2024-03-07 17:00:00,40.62,40.78,40.46,40.68,112847977.09
2024-03-07 17:30:00,40.68,41.02,40.62,40.96,265619135.28
2024-03-07 18:00:00,40.96,40.96,40.96,40.96,118908764.16
2024-03-08 10:00:00,41.04,41.04,40.66,40.92,313525360.19
2024-03-08 10:30:00,40.92,41.12,40.72,40.96,203864043.26
2024-03-08 11:00:00,40.94,41.44,40.92,41.26,422827716.28
2024-03-08 11:30:00,41.24,41.28,40.86,40.88,159873531.78
2024-03-08 12:00:00,40.88,41.16,40.74,41.1,172562200.12
2024-03-08 12:30:00,41.08,41.42,41.04,41.36,141757773.11
2024-03-08 13:00:00,41.34,41.52,41.26,41.48,171314052.58
2024-03-08 13:30:00,41.48,41.8,41.46,41.68,297359058.59
2024-03-08 14:00:00,41.66,41.82,41.58,41.76,215848529.09
2024-03-08 14:30:00,41.76,42.0,41.72,41.82,278626197.21
2024-03-08 15:00:00,41.8,42.0,41.76,41.82,140530259.4
2024-03-08 15:30:00,41.84,42.06,41.72,41.76,266594737.21
2024-03-08 16:00:00,41.76,41.86,41.6,41.82,123355076.21
2024-03-08 16:30:00,41.8,42.14,41.76,42.1,330307581.23
2024-03-08 17:00:00,42.1,42.12,41.84,41.88,161776321.26
2024-03-08 17:30:00,41.9,42.1,41.72,41.74,289456243.01
2024-03-08 18:00:00,41.84,41.84,41.84,41.84,123536198.24
2024-03-11 10:00:00,44.4,44.4,42.88,43.1,1234406407.26
2024-03-11 10:30:00,43.12,43.42,42.98,43.06,418983292.37
2024-03-11 11:00:00,43.08,43.64,43.0,43.56,329833520.86
2024-03-11 11:30:00,43.54,43.76,43.5,43.7,192239464.26
2024-03-11 12:00:00,43.7,43.86,43.46,43.76,240155700.43
2024-03-11 12:30:00,43.76,44.1,43.68,44.02,333719731.25
2024-03-11 13:00:00,44.02,44.06,43.78,43.92,151560026.09
2024-03-11 13:30:00,43.9,44.08,43.78,43.86,222280932.96
2024-03-11 14:00:00,43.86,43.94,43.74,43.92,210570827.98
2024-03-11 14:30:00,43.9,44.0,43.76,43.82,167323771.72
2024-03-11 15:00:00,43.8,44.3,43.8,43.94,340635604.75
2024-03-11 15:30:00,43.92,44.0,43.78,43.82,131869909.98
2024-03-11 16:00:00,43.86,43.96,43.44,43.7,167481393.82
2024-03-11 16:30:00,43.68,43.82,43.38,43.46,103430622.43
2024-03-11 17:00:00,43.48,43.56,42.82,42.92,231477978.53
2024-03-11 17:30:00,42.94,43.16,42.68,42.78,288827848.21
2024-03-11 18:00:00,42.8,42.8,42.8,42.8,111085046.0
2024-03-12 10:00:00,42.78,43.38,42.64,43.32,533213991.67
2024-03-12 10:30:00,43.32,44.14,42.98,44.12,441845596.19
2024-03-12 11:00:00,44.14,44.58,44.08,44.2,499198979.09
2024-03-12 11:30:00,44.2,44.22,43.52,43.54,251236591.34
2024-03-12 12:00:00,43.54,43.78,43.46,43.76,136682609.77
2024-03-12 12:30:00,43.76,44.04,43.76,43.86,120896078.03
2024-03-12 13:00:00,43.88,44.14,43.86,44.0,135232253.42
2024-03-12 13:30:00,44.0,44.06,43.8,43.9,104144894.37
2024-03-12 14:00:00,43.9,44.0,43.82,43.94,63865117.23
2024-03-12 14:30:00,43.94,44.14,43.82,43.98,121569610.48
2024-03-12 15:00:00,43.98,44.1,43.86,43.94,70072235.68
2024-03-12 15:30:00,43.94,43.98,43.52,43.64,135598170.32
2024-03-12 16:00:00,43.64,43.72,43.46,43.58,208523750.07
2024-03-12 16:30:00,43.58,43.62,43.3,43.32,196307950.73
2024-03-12 17:00:00,43.32,43.58,43.2,43.54,202983528.91
2024-03-12 17:30:00,43.56,43.94,43.5,43.72,241078726.9
2024-03-12 18:00:00,43.78,43.78,43.78,43.78,56099910.9
2024-03-13 10:00:00,43.92,43.94,43.36,43.66,263068626.01
2024-03-13 10:30:00,43.66,43.66,43.16,43.16,164970422.95
2024-03-13 11:00:00,43.18,43.18,42.68,42.74,150678116.3
2024-03-13 11:30:00,42.72,42.72,42.14,42.26,217660518.08
2024-03-13 12:00:00,42.24,42.24,41.76,41.8,175164451.61
2024-03-13 12:30:00,41.8,41.9,41.5,41.5,145963351.35
2024-03-13 13:00:00,41.52,41.62,41.32,41.6,228228989.23
2024-03-13 13:30:00,41.6,42.1,41.6,41.98,430353187.94
2024-03-13 14:00:00,42.0,42.06,41.82,41.98,117750870.98
2024-03-13 14:30:00,42.0,42.8,41.96,42.78,415742357.32
2024-03-13 15:00:00,42.78,42.98,42.56,42.68,328828979.18
2024-03-13 15:30:00,42.68,42.72,42.42,42.54,149585795.86
2024-03-13 16:00:00,42.52,42.82,42.3,42.5,207232174.79
2024-03-13 16:30:00,42.5,42.58,42.08,42.18,245772943.46
2024-03-13 17:00:00,42.18,42.36,42.0,42.16,249158954.33
2024-03-13 17:30:00,42.16,42.18,41.82,41.86,271716263.1
2024-03-13 18:00:00,41.8,41.8,41.8,41.8,91610343.0
2024-03-14 10:00:00,41.92,42.14,41.2,41.36,552107067.04
2024-03-14 10:30:00,41.36,41.6,41.3,41.38,126022188.45
2024-03-14 11:00:00,41.4,41.6,41.34,41.54,88964053.33
2024-03-14 11:30:00,41.54,41.58,41.22,41.38,67059916.76
2024-03-14 12:00:00,41.4,41.42,41.18,41.24,99717449.59
2024-03-14 12:30:00,41.24,41.5,41.18,41.38,90220798.91
2024-03-14 13:00:00,41.38,41.4,41.22,41.3,75088407.0
2024-03-14 13:30:00,41.28,41.32,41.2,41.24,57265309.41
2024-03-14 14:00:00,41.24,41.26,41.12,41.2,74475680.47
2024-03-14 14:30:00,41.2,41.34,41.14,41.28,53575490.63
